,datetime,open,high,low,close,volume,hold
0,2020-03-24 09:01:00,148.05,148.05,148.05,148.05,1,8
1,2020-03-24 09:03:00,148.05,148.05,148.05,148.05,1,8
2,2020-03-24 09:06:00,148.05,159.6,148.05,159.6,1,8
3,2020-03-24 09:07:00,159.6,159.6,148.3,148.3,1,8
4,2020-03-24 09:51:00,154.0,154.0,154.0,154.0,1,8
5,2020-03-24 09:54:00,154.0,154.0,154.0,154.0,1,8
6,2020-03-24 13:31:00,154.0,154.0,150.35,150.35,1,9
7,2020-03-24 13:32:00,150.35,150.35,150.3,150.3,1,10
8,2020-03-24 13:37:00,152.25,152.25,152.25,152.25,2,8
9,2020-03-24 14:41:00,152.25,152.25,152.25,152.25,1,8
10,2020-03-25 09:03:00,156.95,156.95,156.95,156.95,3,8
11,2020-03-25 09:04:00,157.0,159.0,157.0,159.0,2,10
12,2020-03-25 09:06:00,159.0,159.3,159.0,159.3,1,9
13,2020-03-25 09:28:00,159.3,159.3,159.3,159.3,2,10
14,2020-03-25 09:29:00,159.3,159.3,159.3,159.3,1,10
15,2020-03-25 11:30:00,159.3,159.3,159.3,159.3,1,10
16,2020-03-25 13:57:00,159.3,159.3,159.3,159.3,1,10
17,2020-03-25 13:58:00,159.3,159.3,159.3,159.3,1,10
18,2020-03-26 09:01:00,169.5,170.0,169.5,170.0,1,10
19,2020-03-26 09:06:00,170.0,170.0,170.0,170.0,1,10
20,2020-03-26 09:08:00,170.0,170.0,170.0,170.0,1,10
21,2020-03-26 09:10:00,170.0,170.0,170.0,170.0,2,10
22,2020-03-26 09:23:00,170.0,170.0,170.0,170.0,1,10
23,2020-03-26 10:36:00,170.0,170.0,170.0,170.0,1,10
24,2020-03-27 09:33:00,186.8,186.8,186.8,186.8,1,9
25,2020-03-27 09:39:00,186.85,186.85,186.8,186.8,7,7
26,2020-03-27 09:42:00,162.0,164.55,163.55,163.55,4,11
27,2020-03-27 09:43:00,163.55,163.55,163.55,163.55,4,15
28,2020-03-27 09:46:00,163.55,179.65,163.55,179.65,1,14
29,2020-03-27 09:47:00,179.65,179.65,164.05,176.4,2,14
30,2020-03-27 10:04:00,157.0,158.95,157.9,157.95,3,19
31,2020-03-27 10:05:00,157.95,159.95,157.95,158.95,11,17
32,2020-03-27 10:06:00,158.95,176.45,158.95,160.8,3,16
33,2020-03-27 10:09:00,173.75,176.45,173.75,176.45,5,17
34,2020-03-27 10:11:00,176.45,183.75,176.0,183.75,2,17
35,2020-03-27 10:31:00,173.65,173.65,173.65,173.65,2,18
36,2020-03-27 10:32:00,173.65,173.7,173.65,173.7,2,17
37,2020-03-27 10:41:00,173.7,173.7,173.7,173.7,3,18
38,2020-03-27 10:50:00,175.85,175.85,175.85,175.85,1,17
39,2020-03-27 11:02:00,170.7,170.7,170.7,170.7,1,17
40,2020-03-27 11:15:00,170.7,179.5,170.7,179.5,1,16
41,2020-03-27 13:44:00,181.95,181.95,181.95,181.95,1,16
42,2020-03-27 13:45:00,173.2,173.2,173.2,173.2,1,17
43,2020-03-27 13:46:00,173.2,173.2,173.2,173.2,4,21
44,2020-03-27 13:48:00,176.95,176.95,176.95,176.95,1,21
45,2020-03-27 14:02:00,177.0,177.0,177.0,177.0,1,20
46,2020-03-27 14:06:00,177.0,181.05,177.0,181.05,1,19
47,2020-03-27 14:07:00,181.05,182.95,181.05,182.95,3,18
48,2020-03-27 14:10:00,180.05,180.05,180.05,180.05,1,18
49,2020-03-27 14:14:00,180.05,183.05,180.05,183.05,1,18
50,2020-03-27 14:22:00,182.15,182.15,182.15,182.15,1,17
51,2020-03-27 14:39:00,186.8,186.8,186.8,186.8,5,12
52,2020-03-27 14:41:00,186.8,186.8,186.8,186.8,2,11
53,2020-03-27 14:42:00,186.8,186.8,186.8,186.8,8,3
54,2020-03-27 14:44:00,186.8,186.8,176.35,176.35,3,4
55,2020-03-27 14:49:00,176.35,186.85,175.35,182.0,6,8
56,2020-03-27 14:59:00,182.0,185.35,182.0,185.35,1,8
57,2020-03-30 09:01:00,167.85,185.45,167.85,171.1,5,16
58,2020-03-30 09:03:00,183.95,183.95,183.95,183.95,1,15
59,2020-03-30 09:04:00,183.95,183.95,183.95,183.95,1,15
60,2020-03-30 09:05:00,183.95,184.0,183.95,184.0,2,17
61,2020-03-30 09:07:00,184.0,184.0,184.0,184.0,1,16
62,2020-03-30 09:17:00,184.0,184.0,184.0,184.0,1,17
63,2020-03-30 09:19:00,178.95,178.95,178.95,178.95,1,18
64,2020-03-30 09:21:00,180.05,180.05,180.05,180.05,1,19
65,2020-03-30 10:04:00,180.1,180.1,180.1,180.1,1,20
66,2020-03-30 10:33:00,181.1,181.1,181.1,181.1,1,21
67,2020-03-30 14:40:00,185.45,185.45,185.45,185.45,1,21
68,2020-03-30 14:58:00,185.45,185.45,185.45,185.45,1,21
69,2020-03-31 09:01:00,191.85,191.85,191.85,191.85,14,8
70,2020-03-31 09:02:00,191.85,191.85,177.45,191.8,2,8
71,2020-03-31 09:03:00,191.8,192.0,182.15,192.0,2,8
72,2020-03-31 09:04:00,192.0,192.0,192.0,192.0,1,7
73,2020-03-31 09:06:00,192.0,192.0,186.7,192.0,3,8
74,2020-03-31 09:07:00,192.0,192.0,192.0,192.0,1,7
75,2020-03-31 09:10:00,192.0,192.0,192.0,192.0,1,6
76,2020-03-31 09:19:00,192.0,192.0,184.75,184.75,1,7
77,2020-03-31 09:20:00,184.75,187.7,184.75,187.7,1,8
78,2020-03-31 09:21:00,187.7,192.1,187.7,192.1,1,9
79,2020-03-31 09:22:00,192.1,192.1,192.1,192.1,1,9
80,2020-03-31 09:27:00,192.1,192.1,192.1,192.1,1,9
81,2020-03-31 09:42:00,192.1,192.1,192.1,192.1,1,9
82,2020-03-31 09:48:00,192.1,192.1,192.1,192.1,1,8
83,2020-03-31 10:50:00,192.1,192.1,192.1,192.1,1,8
84,2020-03-31 10:58:00,192.1,192.1,192.1,192.1,1,8
85,2020-03-31 11:00:00,192.1,192.1,192.1,192.1,1,8
86,2020-03-31 11:17:00,192.1,192.1,192.1,192.1,1,8
87,2020-03-31 11:18:00,192.1,192.1,192.1,192.1,1,7
88,2020-03-31 11:19:00,188.9,188.9,188.9,188.9,2,8
89,2020-03-31 11:20:00,188.9,191.95,187.95,187.95,4,11
90,2020-03-31 13:35:00,192.1,192.1,192.1,192.1,1,11
91,2020-03-31 13:41:00,192.1,192.1,192.1,192.1,2,11
92,2020-03-31 13:45:00,192.1,192.1,192.1,192.1,1,11
93,2020-03-31 14:00:00,192.1,192.1,192.1,192.1,1,12
94,2020-03-31 14:01:00,192.1,192.1,192.1,192.1,2,14
95,2020-03-31 14:08:00,192.1,192.1,192.0,192.1,3,15
96,2020-03-31 14:09:00,192.1,192.1,192.1,192.1,1,15
97,2020-03-31 14:23:00,192.1,192.1,192.1,192.1,3,15
98,2020-03-31 14:28:00,188.05,188.05,188.05,188.05,1,16
99,2020-03-31 14:37:00,188.0,188.0,188.0,188.0,1,15
100,2020-03-31 14:38:00,188.0,188.0,185.0,185.0,2,17
101,2020-04-02 14:58:00,230.5,230.5,230.5,230.5,34,0
,datetime,open,high,low,close,volume,hold
0,2020-03-25 13:55:00,141.95,141.95,141.95,141.95,1,8
1,2020-03-30 10:01:00,146.35,146.4,146.35,146.4,2,9
2,2020-03-30 10:14:00,146.55,146.55,146.55,146.55,1,9
3,2020-03-30 10:15:00,146.6,146.6,146.6,146.6,1,10
4,2020-03-30 14:25:00,148.95,148.95,148.95,148.95,3,10
5,2020-04-07 09:01:00,154.45,154.45,154.45,154.45,1,10
6,2020-04-07 09:12:00,154.45,161.15,154.45,161.15,2,8
7,2020-04-07 09:22:00,161.15,161.15,161.05,161.05,1,8
8,2020-04-07 09:57:00,170.55,170.55,170.55,170.55,1,8
9,2020-04-07 09:58:00,170.55,170.65,170.5,170.65,3,6
10,2020-04-07 10:32:00,170.65,170.65,170.65,170.65,1,7
11,2020-04-07 10:57:00,170.65,170.65,170.65,170.65,1,7
12,2020-04-07 10:59:00,170.65,170.65,170.65,170.65,1,7
13,2020-04-07 13:31:00,170.65,170.65,170.65,170.65,1,7
14,2020-04-07 13:33:00,170.65,170.65,170.65,170.65,1,7
15,2020-04-07 13:34:00,170.65,170.65,170.65,170.65,2,9
16,2020-04-07 14:59:00,170.5,170.5,167.95,167.95,5,14
17,2020-04-08 09:02:00,168.4,168.4,168.4,168.4,1,15
18,2020-04-08 09:03:00,168.4,173.6,168.4,173.6,1,14
19,2020-04-08 09:06:00,173.6,174.8,171.45,171.45,2,15
20,2020-04-08 09:07:00,171.45,171.5,171.45,171.45,2,17
21,2020-04-08 09:16:00,171.45,171.8,171.45,171.8,1,18
22,2020-04-08 09:19:00,171.25,171.25,171.25,171.25,1,19
23,2020-04-08 09:25:00,171.25,173.95,171.25,173.95,2,20
24,2020-04-08 09:26:00,173.95,174.2,173.95,174.2,1,19
25,2020-04-08 09:27:00,172.3,172.3,172.3,172.3,1,20
26,2020-04-08 09:30:00,172.3,172.3,171.9,171.9,1,21
27,2020-04-08 09:32:00,170.85,170.85,170.85,170.85,1,22
28,2020-04-08 09:35:00,170.85,173.65,170.85,173.65,1,21
29,2020-04-08 09:47:00,171.25,171.25,171.25,171.25,1,21
30,2020-04-08 09:48:00,171.25,171.25,171.25,171.25,1,21
31,2020-04-08 09:50:00,171.25,171.3,171.25,171.3,1,22
32,2020-04-08 09:51:00,171.3,172.55,161.35,172.55,3,22
33,2020-04-08 09:52:00,172.55,172.55,171.35,171.35,1,23
34,2020-04-08 10:00:00,171.75,171.75,171.75,171.75,1,22
35,2020-04-08 10:01:00,175.75,175.75,175.75,175.75,1,22
36,2020-04-08 10:03:00,175.75,175.75,172.25,172.25,1,22
37,2020-04-08 10:05:00,174.1,174.1,174.1,174.1,1,21
38,2020-04-08 10:08:00,174.1,174.1,174.1,174.1,1,21
39,2020-04-08 10:09:00,174.1,174.1,174.1,174.1,1,21
40,2020-04-08 10:31:00,174.45,174.45,174.45,174.45,1,21
41,2020-04-08 10:53:00,174.1,174.1,174.1,174.1,1,21
42,2020-04-08 10:54:00,174.1,174.1,174.1,174.1,1,21
43,2020-04-08 10:56:00,174.1,174.1,170.0,170.0,2,23
44,2020-04-08 10:57:00,170.0,174.5,170.0,174.45,2,22
45,2020-04-08 10:58:00,174.45,174.45,174.45,174.45,1,22
46,2020-04-08 11:01:00,174.45,174.6,174.45,174.6,1,23
47,2020-04-08 11:02:00,174.5,174.5,174.5,174.5,1,24
48,2020-04-08 11:05:00,174.5,174.5,174.5,174.5,1,24
49,2020-04-08 11:06:00,174.5,174.5,174.5,174.5,2,24
50,2020-04-08 11:12:00,174.5,174.5,174.5,174.5,1,24
51,2020-04-08 11:27:00,174.55,174.55,174.55,174.55,2,26
52,2020-04-08 13:40:00,174.55,174.55,174.55,174.55,1,26
53,2020-04-08 14:31:00,174.7,174.7,174.7,174.7,1,26
54,2020-04-08 14:41:00,174.75,174.75,174.75,174.75,3,29
55,2020-04-08 14:50:00,176.2,176.2,176.2,176.2,1,29
56,2020-04-08 14:56:00,176.2,176.2,176.2,176.2,2,29
57,2020-04-08 14:58:00,176.2,176.2,175.3,175.3,2,31
58,2020-04-09 09:37:00,177.0,177.0,177.0,177.0,1,32
59,2020-04-09 09:42:00,174.55,174.55,174.55,174.55,2,34
60,2020-04-09 09:45:00,175.35,175.35,175.35,175.35,1,34
61,2020-04-09 10:07:00,172.55,172.55,172.55,172.55,1,34
62,2020-04-09 10:08:00,180.1,181.75,172.3,172.3,5,33
63,2020-04-09 10:10:00,172.3,177.3,172.3,177.3,5,28
64,2020-04-09 10:13:00,177.0,177.0,177.0,177.0,1,28
65,2020-04-09 10:14:00,177.0,177.0,177.0,177.0,1,28
66,2020-04-09 10:31:00,175.6,175.6,175.6,175.6,1,29
67,2020-04-09 10:32:00,175.6,175.6,175.6,175.6,2,31
68,2020-04-09 11:02:00,176.0,176.0,176.0,176.0,1,32
69,2020-04-09 13:31:00,174.4,174.4,174.4,174.4,1,32
70,2020-04-09 14:42:00,175.1,175.1,174.4,175.1,1,32
71,2020-04-10 09:15:00,177.0,177.0,177.0,177.0,1,31
72,2020-04-10 09:29:00,179.3,179.3,179.3,179.3,1,30
73,2020-04-10 09:30:00,179.3,179.3,179.3,179.3,1,30
74,2020-04-10 09:41:00,179.3,179.3,175.8,178.85,2,32
75,2020-04-10 09:42:00,178.85,178.85,176.55,176.55,1,31
76,2020-04-10 09:43:00,176.55,177.8,176.55,177.8,1,31
77,2020-04-10 10:05:00,176.75,176.75,176.75,176.75,1,31
78,2020-04-10 10:07:00,176.75,177.05,176.75,177.05,1,31
79,2020-04-10 10:08:00,175.1,175.1,175.1,175.1,1,31
80,2020-04-10 10:09:00,175.1,178.3,175.1,178.3,1,32
81,2020-04-10 10:11:00,176.4,176.4,176.4,176.4,2,33
82,2020-04-10 10:44:00,174.8,174.8,174.8,174.8,1,33
83,2020-04-10 10:47:00,174.8,174.8,174.8,174.8,1,33
84,2020-04-10 11:13:00,175.05,175.05,175.05,175.05,1,34
85,2020-04-10 11:14:00,175.05,175.05,175.05,175.05,1,34
86,2020-04-10 13:40:00,175.05,175.1,175.05,175.1,1,34
87,2020-04-10 13:41:00,173.7,173.7,173.7,173.7,1,34
88,2020-04-10 13:42:00,173.7,173.7,173.55,173.55,1,35
89,2020-04-10 13:43:00,173.55,173.55,173.5,173.55,5,38
90,2020-04-10 13:50:00,179.35,179.35,179.35,179.35,3,36
91,2020-04-10 13:52:00,179.35,179.35,179.35,179.35,2,35
92,2020-04-10 13:54:00,179.35,179.35,176.05,176.05,1,34
93,2020-04-10 13:57:00,176.1,176.1,176.1,176.1,1,34
94,2020-04-10 13:59:00,176.1,176.1,176.1,176.1,1,33
95,2020-04-10 14:35:00,176.0,176.0,176.0,176.0,1,33
96,2020-04-10 14:58:00,174.1,174.1,174.1,174.1,1,34
97,2020-04-10 15:00:00,174.1,175.6,174.1,175.6,1,33
98,2020-04-13 09:21:00,176.2,176.2,176.2,176.2,1,32
99,2020-04-13 14:43:00,179.8,179.8,179.8,179.8,1,32
100,2020-04-13 14:44:00,176.1,176.1,176.1,176.1,1,32
101,2020-04-13 14:53:00,176.1,176.1,176.1,176.1,1,32
102,2020-04-14 09:37:00,175.05,175.05,175.05,175.05,3,32
103,2020-04-14 13:54:00,175.05,175.2,175.05,175.2,2,32
104,2020-04-14 13:55:00,175.2,175.5,175.2,175.5,2,34
105,2020-04-14 14:33:00,175.5,175.5,175.3,175.3,3,31
106,2020-04-15 09:05:00,179.05,179.05,179.05,179.05,1,30
107,2020-04-15 09:06:00,179.05,179.05,179.05,179.05,1,31
108,2020-04-15 09:10:00,176.5,176.5,176.5,176.5,1,30
109,2020-04-15 09:22:00,180.55,180.55,180.55,180.55,3,28
110,2020-04-15 09:29:00,183.4,183.4,183.4,183.4,1,29
111,2020-04-15 09:30:00,183.95,183.95,180.55,180.55,2,30
112,2020-04-15 09:45:00,180.55,183.75,180.55,183.75,1,30
113,2020-04-15 09:47:00,183.75,183.9,183.75,183.9,1,29
114,2020-04-15 09:52:00,183.9,183.9,183.0,183.0,1,28
115,2020-04-15 09:55:00,181.7,181.7,181.7,181.7,1,28
116,2020-04-15 09:57:00,183.8,183.8,183.8,183.8,1,28
117,2020-04-15 10:04:00,181.6,181.6,181.6,181.6,1,29
118,2020-04-15 10:05:00,181.6,181.6,180.5,180.5,4,29
119,2020-04-15 10:06:00,180.1,181.45,180.1,181.45,4,28
120,2020-04-15 10:07:00,181.45,183.2,181.45,183.2,1,28
121,2020-04-15 10:49:00,183.8,183.8,183.8,183.8,2,28
122,2020-04-15 10:56:00,183.8,183.8,183.8,183.8,1,28
123,2020-04-15 11:00:00,181.95,181.95,181.95,181.95,1,28
124,2020-04-15 11:02:00,181.95,181.95,181.95,181.95,1,28
125,2020-04-15 14:25:00,181.95,182.0,181.95,182.0,1,28
126,2020-04-15 14:29:00,181.6,181.6,181.6,181.6,1,28
127,2020-04-15 14:32:00,181.6,181.6,181.6,181.6,1,28
128,2020-04-15 14:54:00,183.95,183.95,183.95,183.95,1,29
129,2020-04-15 14:59:00,183.95,183.95,183.95,183.95,1,29
130,2020-04-16 09:13:00,183.45,183.45,183.45,183.45,1,28
131,2020-04-16 09:14:00,183.45,185.4,183.45,185.4,1,27
132,2020-04-16 09:15:00,189.45,189.45,189.45,189.45,1,28
133,2020-04-16 09:16:00,189.45,190.6,186.25,186.25,4,26
134,2020-04-16 09:18:00,186.25,187.25,186.25,187.25,1,25
135,2020-04-16 09:20:00,187.25,188.0,187.25,188.0,1,24
136,2020-04-16 09:27:00,188.0,189.9,188.0,189.9,1,24
137,2020-04-16 09:30:00,184.4,184.4,184.4,184.4,1,24
138,2020-04-16 09:32:00,184.4,184.4,184.4,184.4,1,24
139,2020-04-16 09:33:00,184.4,189.2,184.4,189.2,1,25
140,2020-04-16 09:34:00,189.2,189.2,187.0,187.0,3,24
141,2020-04-16 09:40:00,187.0,188.7,187.0,188.7,1,23
142,2020-04-16 09:49:00,189.8,189.8,189.8,189.8,1,24
143,2020-04-16 09:50:00,189.8,189.8,186.6,186.6,2,25
144,2020-04-16 09:51:00,188.6,188.6,188.6,188.6,1,25
145,2020-04-16 09:52:00,188.6,188.6,188.6,188.6,2,25
146,2020-04-16 09:56:00,188.95,188.95,188.95,188.95,1,26
147,2020-04-16 09:58:00,188.95,189.0,187.85,187.85,2,26
148,2020-04-16 10:04:00,189.75,189.75,188.55,188.55,5,27
149,2020-04-16 10:11:00,188.55,188.55,188.55,188.55,1,27
150,2020-04-16 10:14:00,188.55,188.55,188.4,188.4,2,28
151,2020-04-16 10:32:00,188.4,188.55,188.4,188.55,9,28
152,2020-04-16 10:41:00,189.45,189.45,189.45,189.45,1,28
153,2020-04-16 10:44:00,188.0,188.0,188.0,188.0,1,27
154,2020-04-16 10:57:00,188.0,189.45,188.0,189.45,3,27
155,2020-04-16 10:58:00,189.4,189.4,189.4,189.4,8,26
156,2020-04-16 11:03:00,189.4,189.4,185.8,185.8,1,25
157,2020-04-16 11:06:00,189.55,189.55,189.55,189.55,1,25
158,2020-04-16 11:08:00,189.55,189.55,189.55,189.55,1,25
159,2020-04-16 11:10:00,189.55,190.7,189.55,190.7,2,25
160,2020-04-16 11:14:00,190.7,190.7,190.7,190.7,3,26
161,2020-04-16 11:15:00,190.7,190.7,189.7,189.7,3,29
162,2020-04-16 11:17:00,190.7,190.7,190.7,190.7,1,29
163,2020-04-16 11:18:00,190.7,190.7,190.7,190.7,1,29
164,2020-04-16 11:21:00,190.7,190.7,190.7,190.7,1,30
165,2020-04-16 11:22:00,190.7,190.7,190.7,190.7,1,30
166,2020-04-16 11:25:00,190.7,190.7,190.7,190.7,2,32
167,2020-04-16 11:26:00,190.7,190.7,190.7,190.7,1,33
168,2020-04-16 11:29:00,190.7,190.7,190.7,190.7,1,34
169,2020-04-16 11:30:00,190.7,190.7,190.7,190.7,1,34
170,2020-04-16 13:36:00,190.0,190.0,190.0,190.0,1,35
171,2020-04-16 13:37:00,190.0,190.0,190.0,190.0,1,35
172,2020-04-16 13:40:00,190.7,190.7,190.7,190.7,1,35
173,2020-04-16 13:41:00,190.7,190.7,190.7,190.7,1,35
174,2020-04-16 13:48:00,190.6,190.6,190.6,190.6,1,35
175,2020-04-16 13:50:00,190.6,190.6,190.6,190.6,1,36
176,2020-04-16 14:15:00,190.6,190.7,190.6,190.7,1,37
177,2020-04-16 14:25:00,189.0,189.0,189.0,189.0,1,36
178,2020-04-16 14:27:00,189.0,189.0,187.2,187.25,3,38
179,2020-04-16 14:28:00,187.25,190.6,187.25,190.6,4,35
180,2020-04-17 09:19:00,190.8,197.6,190.8,197.6,5,34
181,2020-04-17 09:21:00,192.75,192.75,192.75,192.75,1,34
182,2020-04-17 09:22:00,192.75,192.75,192.75,192.75,1,34
183,2020-04-17 09:25:00,192.75,192.75,192.75,192.75,1,34
184,2020-04-17 09:28:00,192.75,196.0,192.75,196.0,1,34
185,2020-04-17 09:34:00,196.5,196.5,196.5,196.5,1,34
186,2020-04-17 09:37:00,196.5,196.5,196.5,196.5,1,34
187,2020-04-17 09:49:00,196.5,196.5,196.5,196.5,1,34
188,2020-04-17 09:55:00,192.8,192.8,192.8,192.8,1,34
189,2020-04-17 09:56:00,192.8,192.8,192.8,192.8,1,34
190,2020-04-17 09:57:00,192.8,196.4,190.5,196.4,2,33
191,2020-04-17 10:01:00,190.15,190.15,190.15,190.15,1,32
192,2020-04-17 10:03:00,196.0,196.0,196.0,196.0,5,31
193,2020-04-17 10:12:00,193.3,193.3,193.3,193.3,1,30
194,2020-04-17 10:15:00,193.3,193.3,193.3,193.3,1,31
195,2020-04-17 10:31:00,194.0,194.0,194.0,194.0,1,31
196,2020-04-17 10:33:00,194.0,196.0,194.0,196.0,1,31
197,2020-04-17 10:49:00,196.0,196.0,194.0,194.0,1,30
198,2020-04-17 10:52:00,196.2,196.2,193.25,193.25,2,31
199,2020-04-17 13:49:00,194.85,194.85,194.85,194.85,1,31
200,2020-04-17 14:02:00,194.85,194.85,194.85,194.85,1,31
201,2020-04-17 14:04:00,196.7,196.7,196.7,196.7,1,32
202,2020-04-17 14:05:00,196.7,196.75,196.7,196.75,1,32
203,2020-04-17 14:10:00,195.3,195.3,195.3,195.3,1,31
204,2020-04-17 14:11:00,195.3,195.3,195.3,195.3,1,31
205,2020-04-17 14:15:00,194.05,194.05,194.05,194.05,1,31
206,2020-04-17 14:16:00,194.05,194.05,194.05,194.05,1,31
207,2020-04-17 14:40:00,194.05,197.5,194.05,197.5,4,33
208,2020-04-17 14:44:00,198.15,198.15,198.15,198.15,1,33
209,2020-04-17 14:45:00,187.5,198.35,187.5,198.35,12,31
210,2020-04-17 14:47:00,198.35,198.35,197.5,198.3,5,34
211,2020-04-17 14:49:00,198.3,198.35,198.3,198.35,2,36
212,2020-04-17 14:50:00,198.35,198.35,198.35,198.35,2,37
213,2020-04-17 14:51:00,198.35,198.35,198.35,198.35,2,37
214,2020-04-17 14:52:00,198.35,198.35,198.35,198.35,1,37
215,2020-04-17 14:54:00,198.35,198.35,198.35,198.35,3,38
216,2020-04-17 14:59:00,196.2,196.2,196.0,196.2,12,44
217,2020-04-17 15:00:00,196.2,198.0,196.2,198.0,2,43
218,2020-04-20 09:01:00,199.95,200.0,199.95,199.95,3,44
219,2020-04-20 09:02:00,199.95,200.0,199.95,200.0,2,45
220,2020-04-20 09:03:00,201.35,201.35,201.35,201.35,1,46
221,2020-04-20 09:04:00,201.35,201.4,201.35,201.4,3,49
222,2020-04-20 09:05:00,202.0,202.0,202.0,202.0,1,49
223,2020-04-20 09:09:00,203.1,203.1,203.1,203.1,1,50
224,2020-04-20 09:10:00,203.1,203.1,202.6,202.6,1,49
225,2020-04-20 09:11:00,202.6,202.65,202.6,202.65,1,49
226,2020-04-20 09:12:00,203.7,203.7,203.7,203.7,1,50
227,2020-04-20 09:13:00,203.7,203.7,203.7,203.7,1,50
228,2020-04-20 09:14:00,203.7,204.45,203.7,204.45,4,52
229,2020-04-20 09:15:00,204.95,204.95,204.0,204.85,6,51
230,2020-04-20 09:16:00,204.95,204.95,204.95,204.95,1,51
231,2020-04-20 09:17:00,204.95,204.95,204.95,204.95,3,51
232,2020-04-20 09:19:00,204.95,204.95,204.95,204.95,1,51
233,2020-04-20 09:22:00,204.95,204.95,204.95,204.95,1,50
234,2020-04-20 09:27:00,204.95,204.95,204.95,204.95,1,50
235,2020-04-20 09:29:00,204.95,204.95,204.95,204.95,1,50
236,2020-04-20 09:31:00,204.95,204.95,204.95,204.95,1,50
237,2020-04-20 09:34:00,204.95,204.95,204.95,204.95,4,54
238,2020-04-20 09:35:00,204.95,204.95,204.95,204.95,1,55
239,2020-04-20 09:39:00,204.95,204.95,204.95,204.95,1,54
240,2020-04-20 09:40:00,204.95,204.95,204.95,204.95,1,54
241,2020-04-20 09:57:00,204.95,204.95,204.95,204.95,1,54
242,2020-04-20 09:58:00,204.95,204.95,204.95,204.95,1,54
243,2020-04-20 10:50:00,204.95,204.95,204.95,204.95,1,54
244,2020-04-20 10:56:00,204.95,204.95,204.95,204.95,1,53
245,2020-04-20 11:01:00,204.95,204.95,204.95,204.95,1,53
246,2020-04-20 11:02:00,204.95,204.95,204.95,204.95,2,53
247,2020-04-20 11:03:00,204.95,204.95,204.95,204.95,1,53
248,2020-04-20 13:42:00,204.95,204.95,204.95,204.95,5,53
249,2020-04-20 13:47:00,204.95,204.95,204.95,204.95,1,53
250,2020-04-20 13:48:00,204.95,204.95,204.95,204.95,1,52
251,2020-04-20 14:05:00,204.95,204.95,204.95,204.95,1,52
252,2020-04-20 15:00:00,204.95,204.95,204.9,204.9,3,55
253,2020-04-21 09:01:00,205.0,212.0,203.0,211.85,6,54
254,2020-04-21 09:02:00,211.85,211.85,207.5,211.45,7,56
255,2020-04-21 09:03:00,211.45,213.9,211.45,213.4,3,57
256,2020-04-21 09:04:00,213.4,213.45,212.55,213.45,2,58
257,2020-04-21 09:05:00,213.45,213.45,212.55,212.55,6,61
258,2020-04-21 09:06:00,212.55,212.7,212.05,212.05,4,62
259,2020-04-21 09:07:00,212.0,212.0,211.6,211.6,3,63
260,2020-04-21 09:08:00,211.6,211.6,210.7,211.4,4,62
261,2020-04-21 09:10:00,211.4,211.4,202.2,208.3,8,60
262,2020-04-21 09:13:00,208.3,208.3,207.9,207.9,2,59
263,2020-04-21 09:14:00,207.9,207.9,207.7,207.7,1,59
264,2020-04-21 09:15:00,207.7,207.95,207.7,207.95,1,58
265,2020-04-21 09:16:00,207.95,208.1,207.95,208.1,1,58
266,2020-04-21 09:19:00,208.1,209.75,206.6,209.1,5,57
267,2020-04-21 09:20:00,209.1,209.1,206.7,206.7,3,57
268,2020-04-21 09:21:00,206.7,206.7,204.15,204.15,1,57
269,2020-04-21 09:22:00,204.15,207.3,204.15,207.3,2,58
270,2020-04-21 09:23:00,207.3,209.0,207.3,209.0,4,60
271,2020-04-21 09:24:00,209.0,209.0,206.55,206.55,1,59
272,2020-04-21 09:29:00,206.55,206.55,206.55,206.55,1,60
273,2020-04-21 09:30:00,208.6,208.6,205.0,205.0,3,61
274,2020-04-21 09:31:00,208.25,208.25,205.55,208.0,9,62
275,2020-04-21 09:32:00,208.0,208.65,206.1,206.1,2,62
276,2020-04-21 09:35:00,206.5,206.5,206.5,206.5,2,61
277,2020-04-21 09:39:00,206.5,208.3,206.5,208.3,1,61
278,2020-04-21 09:40:00,208.35,208.35,208.35,208.35,1,62
279,2020-04-21 09:41:00,208.35,208.4,208.35,208.4,1,62
280,2020-04-21 09:42:00,208.4,208.4,208.1,208.1,2,61
281,2020-04-21 09:43:00,208.1,208.1,208.1,208.1,1,62
282,2020-04-21 09:44:00,208.1,208.15,208.1,208.15,3,61
283,2020-04-21 09:45:00,208.15,208.15,208.15,208.15,3,59
284,2020-04-21 09:46:00,206.6,206.6,206.6,206.6,1,58
285,2020-04-21 09:47:00,206.6,206.6,206.5,206.5,1,59
286,2020-04-21 09:48:00,206.5,206.5,206.2,206.2,1,60
287,2020-04-21 09:54:00,208.0,208.0,208.0,208.0,1,60
288,2020-04-21 09:55:00,206.2,206.2,206.2,206.2,1,61
289,2020-04-21 09:56:00,206.2,207.75,206.2,207.75,2,62
290,2020-04-21 09:57:00,207.75,207.85,207.75,207.75,3,62
291,2020-04-21 09:58:00,208.05,208.05,208.05,208.05,1,62
292,2020-04-21 09:59:00,209.0,209.0,209.0,209.0,2,62
293,2020-04-21 10:00:00,211.0,211.0,207.75,207.75,7,62
294,2020-04-21 10:08:00,209.4,209.4,209.4,209.4,2,63
295,2020-04-21 10:10:00,209.4,209.4,208.15,208.15,2,62
296,2020-04-21 10:13:00,209.15,209.15,209.15,209.15,1,63
297,2020-04-21 10:35:00,209.15,209.15,209.15,209.15,1,63
298,2020-04-21 10:36:00,208.05,208.05,208.05,208.05,1,62
299,2020-04-21 10:37:00,208.05,208.05,208.05,208.05,1,62
300,2020-04-21 10:38:00,207.75,207.75,204.8,207.5,7,63
301,2020-04-21 10:40:00,207.5,207.5,206.45,206.45,2,63
302,2020-04-21 10:41:00,204.95,204.95,204.95,204.95,5,65
303,2020-04-21 10:46:00,204.95,204.95,204.95,204.95,1,66
304,2020-04-21 10:49:00,204.95,205.7,204.75,205.7,2,65
305,2020-04-21 10:50:00,205.75,205.75,205.75,205.75,1,66
306,2020-04-21 10:51:00,205.75,206.0,205.75,206.0,2,66
307,2020-04-21 10:52:00,206.0,206.0,206.0,206.0,1,66
308,2020-04-21 11:01:00,206.0,206.0,206.0,206.0,1,66
309,2020-04-21 11:15:00,206.0,206.45,206.0,206.45,1,65
310,2020-04-21 11:16:00,206.45,206.45,205.05,205.05,1,65
311,2020-04-21 11:17:00,204.3,204.3,204.3,204.3,1,65
312,2020-04-21 11:18:00,204.2,204.2,204.2,204.2,1,64
313,2020-04-21 11:19:00,204.1,204.1,204.1,204.1,1,65
314,2020-04-21 11:20:00,204.1,205.2,204.1,205.2,1,65
315,2020-04-21 11:21:00,205.2,205.5,205.2,205.5,1,65
316,2020-04-21 11:26:00,205.5,205.5,205.5,205.5,1,65
317,2020-04-21 11:27:00,205.5,205.5,203.3,203.3,2,64
318,2020-04-21 11:28:00,202.65,206.4,202.65,206.4,6,60
319,2020-04-21 11:30:00,206.4,206.4,205.85,205.85,1,60
320,2020-04-21 13:31:00,204.6,204.6,204.6,204.6,2,60
321,2020-04-21 13:33:00,204.6,204.6,204.6,204.6,1,59
322,2020-04-21 13:34:00,203.2,203.2,203.2,203.2,1,59
323,2020-04-21 13:35:00,202.0,202.0,202.0,202.0,1,59
324,2020-04-21 13:36:00,202.0,202.0,202.0,202.0,2,57
325,2020-04-21 13:37:00,202.0,203.2,200.05,203.2,3,56
326,2020-04-21 13:38:00,203.2,203.2,200.2,203.0,3,55
327,2020-04-21 13:39:00,203.0,203.0,200.7,200.7,1,56
328,2020-04-21 13:40:00,200.7,200.7,200.0,200.0,2,56
329,2020-04-21 13:41:00,200.0,200.0,197.4,198.6,6,56
330,2020-04-21 13:42:00,198.25,198.25,198.25,198.25,1,56
331,2020-04-21 13:43:00,198.25,198.45,197.4,198.45,2,56
332,2020-04-21 13:44:00,198.45,201.5,198.45,201.5,2,56
333,2020-04-21 13:45:00,201.5,201.5,199.0,199.0,1,55
334,2020-04-21 13:47:00,199.0,199.95,199.0,199.95,1,56
335,2020-04-21 13:49:00,200.85,200.85,200.85,200.85,2,56
336,2020-04-21 13:51:00,200.85,200.85,200.85,200.85,2,54
337,2020-04-21 13:52:00,200.85,200.85,200.85,200.85,2,54
338,2020-04-21 13:58:00,200.85,200.85,200.85,200.85,1,54
339,2020-04-21 13:59:00,200.85,200.85,200.85,200.85,1,54
340,2020-04-21 14:00:00,200.8,200.8,200.8,200.8,1,54
341,2020-04-21 14:01:00,200.8,201.0,200.8,201.0,3,55
342,2020-04-21 14:02:00,201.0,201.0,200.8,200.8,2,57
343,2020-04-21 14:06:00,200.8,200.8,199.7,199.7,2,56
344,2020-04-21 14:07:00,199.7,199.7,199.65,199.65,1,56
345,2020-04-21 14:10:00,199.65,199.65,199.0,199.0,2,56
346,2020-04-21 14:13:00,199.35,199.35,199.35,199.35,1,56
347,2020-04-21 14:18:00,199.35,200.6,199.35,200.6,1,56
348,2020-04-21 14:22:00,199.05,199.05,198.45,198.45,3,58
349,2020-04-21 14:24:00,198.45,199.3,198.45,199.3,1,57
350,2020-04-21 14:32:00,199.3,199.3,198.0,198.0,1,58
351,2020-04-21 14:33:00,198.0,198.0,197.6,197.6,6,61
352,2020-04-21 14:34:00,197.6,197.6,197.0,197.0,7,63
353,2020-04-21 14:35:00,197.0,197.0,196.15,197.0,2,63
354,2020-04-21 14:36:00,197.0,197.05,197.0,197.05,2,64
355,2020-04-21 14:39:00,197.05,197.05,197.05,197.05,1,64
356,2020-04-21 14:40:00,197.55,199.5,196.5,198.0,8,61
357,2020-04-21 14:41:00,198.5,198.5,198.5,198.5,1,60
358,2020-04-21 14:48:00,198.5,198.5,198.5,198.5,1,60
359,2020-04-21 14:49:00,196.85,196.85,196.85,196.85,1,61
360,2020-04-21 14:51:00,196.85,196.85,196.85,196.85,1,62
361,2020-04-21 14:52:00,196.8,196.8,196.8,196.8,1,63
362,2020-04-21 14:54:00,196.8,196.8,196.4,196.4,1,62
363,2020-04-21 14:55:00,196.0,196.0,196.0,196.0,2,60
364,2020-04-21 14:57:00,196.0,196.0,194.35,194.35,1,61
365,2020-04-21 14:58:00,194.35,195.9,194.35,194.45,3,61
366,2020-04-21 14:59:00,194.45,194.45,194.45,194.45,1,61
367,2020-04-21 15:00:00,194.45,195.65,194.0,194.0,6,60
368,2020-04-22 09:05:00,194.2,194.2,194.2,194.2,2,58
369,2020-04-22 09:07:00,194.2,194.2,194.2,194.2,3,55
370,2020-04-22 09:08:00,194.2,194.2,194.2,194.2,1,54
371,2020-04-22 09:10:00,194.2,194.2,194.2,194.2,1,53
372,2020-04-22 09:13:00,194.2,194.2,194.2,194.2,1,53
373,2020-04-22 09:14:00,194.2,194.2,194.2,194.2,6,53
374,2020-04-22 09:16:00,194.2,194.2,194.2,194.2,1,54
375,2020-04-22 09:18:00,194.2,194.2,194.2,194.2,1,54
376,2020-04-22 09:30:00,194.2,194.2,194.2,194.2,1,53
377,2020-04-22 09:34:00,196.0,196.0,194.2,195.6,4,51
378,2020-04-22 09:35:00,195.6,195.6,194.2,194.2,4,50
379,2020-04-22 09:36:00,194.2,194.2,194.2,194.2,1,51
380,2020-04-22 11:07:00,194.2,194.2,194.2,194.2,3,48
381,2020-04-22 11:12:00,194.2,194.2,194.2,194.2,1,48
382,2020-04-22 13:51:00,194.2,194.2,194.2,194.2,1,47
383,2020-04-22 14:20:00,194.2,194.2,194.2,194.2,1,47
384,2020-04-22 14:21:00,194.2,194.2,194.2,194.2,1,47
385,2020-04-23 09:01:00,182.2,192.6,180.1,192.6,12,50
386,2020-04-23 09:02:00,192.6,193.3,192.5,193.3,2,50
387,2020-04-23 09:03:00,195.25,195.25,188.15,190.5,15,48
388,2020-04-23 09:05:00,190.5,194.2,190.5,193.75,3,47
389,2020-04-23 09:06:00,193.75,193.75,193.75,193.75,1,47
390,2020-04-23 09:07:00,193.75,194.5,193.75,194.5,1,47
391,2020-04-23 09:10:00,194.25,194.25,194.25,194.25,1,47
392,2020-04-23 09:12:00,194.25,194.25,193.75,193.75,2,46
393,2020-04-23 09:13:00,193.75,193.75,193.0,193.0,2,46
394,2020-04-23 09:14:00,193.0,194.0,193.0,194.0,1,47
395,2020-04-23 09:16:00,194.0,194.0,193.55,193.55,1,46
396,2020-04-23 09:21:00,195.35,195.35,195.35,195.35,2,44
397,2020-04-23 09:22:00,195.35,195.95,195.35,195.95,5,45
398,2020-04-23 09:23:00,196.0,196.95,196.0,196.95,5,42
399,2020-04-23 09:26:00,196.95,196.95,196.95,196.95,1,42
400,2020-04-23 09:28:00,196.95,196.95,196.95,196.95,1,42
401,2020-04-23 09:29:00,196.95,196.95,196.95,196.95,1,42
402,2020-04-23 09:32:00,196.95,197.0,196.95,196.95,4,42
403,2020-04-23 09:33:00,196.95,197.8,196.95,197.8,2,43
404,2020-04-23 09:38:00,196.35,196.35,196.35,196.35,1,42
405,2020-04-23 09:39:00,196.35,196.35,196.35,196.35,1,42
406,2020-04-23 09:42:00,197.95,197.95,197.95,197.95,2,44
407,2020-04-23 09:46:00,197.95,197.95,197.95,197.95,2,44
408,2020-04-23 09:48:00,198.0,198.0,198.0,198.0,1,44
409,2020-04-23 09:50:00,197.55,197.55,197.55,197.55,1,44
410,2020-04-23 09:52:00,197.55,197.55,197.55,197.55,1,44
411,2020-04-23 10:35:00,199.7,199.7,199.7,199.7,1,44
412,2020-04-23 10:36:00,199.7,199.7,197.65,197.65,6,39
413,2020-04-23 10:41:00,200.85,200.85,200.85,200.85,1,40
414,2020-04-23 10:42:00,198.5,198.5,198.5,198.5,1,39
415,2020-04-23 10:43:00,198.5,198.5,198.5,198.5,1,39
416,2020-04-23 11:09:00,200.5,200.5,200.5,200.5,2,41
417,2020-04-23 11:13:00,199.75,199.75,199.75,199.75,1,40
418,2020-04-23 11:15:00,200.5,200.5,200.5,200.5,2,40
419,2020-04-23 11:24:00,200.5,200.55,200.5,200.55,1,41
420,2020-04-23 11:25:00,201.3,201.3,201.3,201.3,1,42
421,2020-04-23 11:30:00,201.3,201.3,201.3,201.3,1,42
422,2020-04-23 13:31:00,202.0,202.0,202.0,202.0,1,41
423,2020-04-23 13:44:00,202.0,204.4,202.0,204.4,1,42
424,2020-04-23 13:46:00,202.15,202.15,202.15,202.15,1,41
425,2020-04-23 13:57:00,201.65,201.65,201.65,201.65,1,41
426,2020-04-23 14:07:00,201.65,201.65,201.05,201.05,1,40
427,2020-04-23 14:15:00,202.5,202.5,202.5,202.5,3,43
428,2020-04-23 14:16:00,202.5,202.5,202.5,202.5,5,43
429,2020-04-23 14:17:00,201.05,201.05,201.05,201.05,1,42
430,2020-04-23 14:19:00,201.05,201.05,201.05,201.05,1,42
431,2020-04-23 14:21:00,201.05,201.05,201.05,201.05,1,41
432,2020-04-23 14:25:00,201.05,201.05,201.05,201.05,1,41
433,2020-04-23 14:28:00,201.05,201.05,201.05,201.05,1,41
434,2020-04-23 14:29:00,201.0,201.0,201.0,201.0,1,42
435,2020-04-23 14:32:00,201.0,201.0,200.0,200.0,1,42
436,2020-04-23 14:33:00,200.0,200.0,200.0,200.0,1,42
437,2020-04-23 14:46:00,200.0,200.0,196.4,197.1,3,43
438,2020-04-24 09:01:00,202.35,202.35,202.35,202.35,1,42
439,2020-04-24 09:02:00,197.0,197.0,197.0,197.0,1,42
440,2020-04-24 09:03:00,197.0,197.0,196.55,196.55,1,42
441,2020-04-24 09:04:00,201.05,201.05,201.05,201.05,1,43
442,2020-04-24 09:05:00,201.05,201.05,201.05,201.05,1,43
443,2020-04-24 09:10:00,197.4,197.4,197.4,197.4,1,43
444,2020-04-24 09:11:00,197.4,197.4,197.4,197.4,1,44
445,2020-04-24 09:18:00,197.4,201.95,197.4,199.35,3,43
446,2020-04-24 09:19:00,199.35,199.35,199.35,199.35,1,42
447,2020-04-24 09:21:00,200.95,200.95,200.95,200.95,1,42
448,2020-04-24 09:22:00,200.0,200.0,200.0,200.0,2,41
449,2020-04-24 09:23:00,200.0,200.0,200.0,200.0,1,40
450,2020-04-24 09:25:00,200.0,201.6,200.0,201.6,1,41
451,2020-04-24 09:26:00,201.6,201.6,199.15,199.15,2,40
452,2020-04-24 09:34:00,200.55,200.55,200.55,200.55,1,40
453,2020-04-24 09:37:00,200.55,200.55,200.55,200.55,1,40
454,2020-04-24 09:43:00,201.7,201.7,201.7,201.7,1,41
455,2020-04-24 09:46:00,201.7,201.7,200.25,200.25,1,41
456,2020-04-24 10:10:00,201.2,201.2,201.2,201.2,2,40
457,2020-04-24 10:48:00,200.5,200.5,200.5,200.5,2,38
458,2020-04-24 10:49:00,200.5,200.5,200.5,200.5,1,38
459,2020-04-24 10:55:00,198.05,198.05,198.05,198.05,3,40
460,2020-04-24 10:56:00,198.05,198.05,198.0,198.0,1,39
461,2020-04-24 11:10:00,197.95,197.95,197.95,197.95,1,39
462,2020-04-24 11:14:00,196.15,196.15,196.15,196.15,1,39
463,2020-04-24 11:23:00,199.95,199.95,199.95,199.95,1,39
464,2020-04-24 11:27:00,199.95,201.2,199.95,201.15,2,39
465,2020-04-24 13:31:00,201.15,201.15,201.1,201.1,1,40
466,2020-04-24 13:37:00,201.1,201.1,201.1,201.1,1,41
467,2020-04-24 13:38:00,201.1,201.15,201.1,201.15,1,42
468,2020-04-24 13:44:00,201.15,201.15,201.15,201.15,1,41
469,2020-04-24 13:54:00,201.95,201.95,201.95,201.95,1,41
470,2020-04-24 13:58:00,201.95,201.95,201.95,201.95,1,41
471,2020-04-24 13:59:00,202.55,202.55,202.55,202.55,1,42
472,2020-04-24 14:01:00,202.55,202.55,202.55,202.55,1,42
473,2020-04-24 14:02:00,201.15,201.15,201.15,201.15,1,41
474,2020-04-24 14:06:00,202.5,202.8,202.5,202.8,3,41
475,2020-04-24 14:08:00,202.8,202.85,202.8,202.85,1,41
476,2020-04-24 14:09:00,202.85,202.85,202.8,202.8,1,41
477,2020-04-24 14:11:00,201.65,201.65,201.65,201.65,2,39
478,2020-04-24 14:22:00,202.0,202.0,202.0,202.0,1,39
479,2020-04-24 14:44:00,200.3,200.3,200.3,200.3,2,39
480,2020-04-24 14:52:00,202.5,202.5,202.5,202.5,1,39
481,2020-04-24 14:54:00,202.5,202.5,200.6,200.6,1,38
482,2020-04-24 14:57:00,202.55,202.55,202.55,202.55,1,39
483,2020-04-27 09:02:00,199.05,201.0,199.05,201.0,2,38
484,2020-04-27 09:06:00,201.95,201.95,201.95,201.95,3,38
485,2020-04-27 09:08:00,202.55,202.55,202.55,202.55,1,39
486,2020-04-27 09:09:00,202.55,202.55,202.55,202.55,1,39
487,2020-04-27 09:13:00,202.55,202.55,202.55,202.55,2,41
488,2020-04-27 09:14:00,202.55,202.55,199.35,199.35,1,40
489,2020-04-27 09:15:00,199.15,201.95,199.15,201.95,3,41
490,2020-04-27 09:16:00,201.95,202.5,201.95,202.5,1,41
491,2020-04-27 09:27:00,200.1,200.1,199.0,199.0,9,43
492,2020-04-27 09:28:00,199.0,199.0,198.0,198.0,2,42
493,2020-04-27 09:30:00,198.0,198.95,196.05,196.05,2,41
494,2020-04-27 09:31:00,196.05,196.05,195.0,195.0,5,37
495,2020-04-27 09:33:00,192.55,192.9,192.55,192.85,4,36
496,2020-04-27 09:35:00,192.85,195.45,192.85,195.45,1,35
497,2020-04-27 09:37:00,195.45,195.45,192.65,192.65,1,35
498,2020-04-27 09:38:00,192.65,192.65,192.55,192.55,2,33
499,2020-04-27 09:48:00,194.4,194.4,194.4,194.4,2,33
500,2020-04-27 09:50:00,194.4,194.4,194.4,194.4,2,33
501,2020-04-27 10:37:00,194.4,194.4,194.1,194.1,2,33
502,2020-04-27 10:40:00,192.15,192.15,192.15,192.15,1,34
503,2020-04-27 10:43:00,192.15,194.7,192.15,194.7,1,34
504,2020-04-27 10:45:00,194.95,194.95,194.95,194.95,1,33
505,2020-04-27 10:46:00,195.0,195.0,195.0,195.0,1,34
506,2020-04-27 10:49:00,193.3,193.3,193.3,193.3,1,34
507,2020-04-27 10:50:00,193.3,200.1,193.3,200.1,10,42
508,2020-04-27 10:51:00,200.1,200.1,198.05,199.85,24,47
509,2020-04-27 10:52:00,199.85,199.85,197.1,197.1,14,46
510,2020-04-27 10:53:00,197.1,197.1,195.45,195.5,13,38
511,2020-04-27 10:54:00,195.5,195.5,195.0,195.0,1,37
512,2020-04-27 11:01:00,195.7,195.7,195.7,195.7,1,37
513,2020-04-27 11:02:00,195.7,195.7,195.7,195.7,1,37
514,2020-04-27 11:06:00,195.65,195.65,195.65,195.65,1,37
515,2020-04-27 11:15:00,196.5,196.5,196.5,196.5,1,36
516,2020-04-27 11:16:00,196.5,196.5,196.5,196.5,1,36
517,2020-04-27 13:35:00,198.05,198.05,198.05,198.05,1,35
518,2020-04-27 13:37:00,198.05,198.05,198.05,198.05,1,35
519,2020-04-27 14:02:00,198.05,198.05,198.05,198.05,2,35
520,2020-04-27 14:24:00,196.5,196.5,196.5,196.5,2,35
521,2020-04-27 14:25:00,196.5,198.3,195.05,198.3,3,35
522,2020-04-27 14:31:00,197.6,197.6,197.6,197.6,1,35
523,2020-04-27 14:40:00,198.15,198.15,198.15,198.15,1,35
524,2020-04-27 14:41:00,198.15,198.15,196.55,196.55,2,34
525,2020-04-27 14:56:00,196.55,196.55,195.4,195.4,1,34
526,2020-04-28 09:45:00,195.95,195.95,195.95,195.95,1,33
527,2020-04-28 09:46:00,195.95,196.0,195.95,196.0,12,29
528,2020-04-28 09:47:00,196.0,196.0,196.0,196.0,7,29
529,2020-04-28 09:52:00,196.0,196.0,190.2,190.2,1,29
530,2020-04-28 09:53:00,190.2,198.0,190.2,195.35,2,28
531,2020-04-28 09:54:00,195.35,195.65,195.35,195.65,1,28
532,2020-04-28 10:05:00,195.65,203.0,195.65,203.0,2,28
533,2020-04-28 10:06:00,203.0,203.0,201.15,201.15,1,28
534,2020-04-28 10:07:00,201.15,201.15,200.1,200.1,9,33
535,2020-04-28 10:10:00,201.0,203.95,201.0,203.95,6,28
536,2020-04-28 10:11:00,203.95,203.95,201.05,201.05,1,28
537,2020-04-28 10:33:00,199.75,199.75,199.75,199.75,2,26
538,2020-04-28 10:36:00,199.75,199.75,199.75,199.75,2,26
539,2020-04-28 11:02:00,199.75,199.8,199.75,199.8,1,27
540,2020-04-28 11:13:00,205.65,205.65,205.65,205.65,2,25
541,2020-04-28 11:16:00,205.8,205.8,205.65,205.65,3,25
542,2020-04-28 11:18:00,205.65,205.65,203.15,203.15,4,26
543,2020-04-28 11:19:00,206.5,206.95,206.5,206.95,2,27
544,2020-04-28 11:21:00,206.95,206.95,206.3,206.3,4,24
545,2020-04-28 11:22:00,206.3,206.3,200.6,200.6,11,32
546,2020-04-28 11:23:00,200.6,201.0,200.45,201.0,2,30
547,2020-04-28 11:24:00,201.0,203.95,201.0,203.95,7,25
548,2020-04-28 13:37:00,201.1,201.1,201.1,201.1,1,25
549,2020-04-28 13:54:00,203.7,203.7,203.7,203.7,1,25
550,2020-04-28 14:03:00,203.7,204.45,203.7,204.45,1,24
551,2020-04-28 14:04:00,204.45,204.45,201.9,201.9,1,24
552,2020-04-28 14:14:00,201.7,201.7,201.7,201.7,1,24
553,2020-04-28 14:15:00,201.7,201.7,201.7,201.7,1,24
554,2020-04-28 14:19:00,204.0,204.0,204.0,204.0,1,23
555,2020-04-28 14:27:00,202.0,202.0,202.0,202.0,1,23
556,2020-04-28 14:30:00,203.5,203.5,203.5,203.5,1,23
557,2020-04-28 14:40:00,203.6,203.6,203.6,203.6,1,23
558,2020-04-28 14:46:00,203.6,204.4,203.6,204.4,3,24
559,2020-04-28 14:51:00,205.85,205.85,205.85,205.85,1,25
560,2020-04-28 14:52:00,205.85,205.85,201.55,202.2,3,24
561,2020-04-28 14:55:00,202.2,205.55,202.2,204.0,2,24
562,2020-04-28 14:58:00,204.0,205.95,202.75,205.95,4,23
563,2020-04-28 14:59:00,202.85,206.0,202.85,205.95,8,21
564,2020-04-29 09:01:00,202.45,202.45,202.45,202.45,1,20
565,2020-04-29 09:03:00,202.45,208.95,202.45,208.95,2,20
566,2020-04-29 09:05:00,208.95,209.6,208.95,209.6,1,21
567,2020-04-29 09:08:00,204.85,204.85,204.85,204.85,1,20
568,2020-04-29 09:09:00,204.85,210.0,204.85,209.8,8,22
569,2020-04-29 09:10:00,209.8,209.8,206.1,206.1,1,21
570,2020-04-29 09:12:00,206.3,206.3,206.3,206.3,1,20
571,2020-04-29 09:13:00,206.3,206.3,206.3,206.3,2,19
572,2020-04-29 09:40:00,206.35,206.35,206.35,206.35,1,20
573,2020-04-29 09:45:00,206.35,206.35,206.35,206.35,1,20
574,2020-04-29 09:46:00,206.35,211.6,206.35,211.6,1,19
575,2020-04-29 09:49:00,211.6,211.6,206.45,206.45,1,19
576,2020-04-29 09:52:00,206.45,211.05,206.45,211.05,5,21
577,2020-04-29 10:04:00,211.05,211.1,211.05,211.1,2,20
578,2020-04-29 10:07:00,211.1,211.1,211.1,211.1,2,20
579,2020-04-29 10:08:00,211.1,211.1,211.1,211.1,1,20
580,2020-04-29 10:54:00,211.6,211.6,211.6,211.6,1,20
581,2020-04-29 10:55:00,211.6,211.6,211.6,211.6,2,20
582,2020-04-29 10:59:00,211.6,211.6,211.6,211.6,3,20
583,2020-04-29 11:04:00,211.6,211.6,211.6,211.6,3,20
584,2020-04-29 11:22:00,211.6,211.6,211.6,211.6,1,20
585,2020-04-29 13:37:00,211.6,211.6,211.6,211.6,1,20
586,2020-04-29 13:38:00,211.6,211.6,211.6,211.6,2,20
587,2020-04-29 13:39:00,211.6,211.6,211.6,211.6,1,20
588,2020-04-29 13:40:00,211.6,211.6,211.6,211.6,1,20
589,2020-04-29 13:44:00,211.6,211.6,211.6,211.6,1,20
590,2020-04-29 13:46:00,211.6,211.6,211.6,211.6,4,18
591,2020-04-29 13:48:00,208.0,208.0,208.0,208.0,2,18
592,2020-04-29 13:50:00,208.0,211.55,208.0,211.55,1,18
593,2020-04-29 13:52:00,211.55,211.55,211.55,211.55,1,18
594,2020-04-29 13:53:00,211.55,211.55,211.55,211.55,1,18
595,2020-04-29 14:02:00,206.05,211.6,206.05,211.6,2,18
596,2020-04-29 14:03:00,211.6,211.6,211.6,211.6,1,17
597,2020-04-29 14:08:00,211.6,211.6,211.6,211.6,1,17
598,2020-04-29 14:14:00,211.6,211.6,211.6,211.6,1,17
599,2020-04-30 09:01:00,216.4,226.5,216.4,226.5,5,14
600,2020-04-30 09:04:00,226.5,226.5,226.5,226.5,1,13
601,2020-04-30 09:07:00,226.5,226.5,226.5,226.5,1,12
602,2020-04-30 09:11:00,226.5,226.5,226.5,226.5,2,12
603,2020-04-30 09:15:00,226.5,226.5,226.5,226.5,1,12
604,2020-04-30 09:17:00,226.5,226.5,226.5,226.5,1,12
605,2020-04-30 09:31:00,226.45,226.45,226.45,226.45,2,12
606,2020-04-30 09:32:00,221.95,221.95,221.95,221.95,1,12
607,2020-04-30 09:34:00,221.95,226.4,221.95,226.4,2,14
608,2020-04-30 09:35:00,226.4,226.5,221.15,221.15,3,14
609,2020-04-30 09:36:00,221.15,221.15,221.15,221.15,2,13
610,2020-04-30 09:37:00,221.15,221.15,220.0,220.0,2,12
611,2020-04-30 09:38:00,220.0,226.15,218.05,218.05,2,12
612,2020-04-30 09:40:00,218.05,225.95,218.05,225.95,1,13
613,2020-04-30 09:43:00,225.95,225.95,218.5,218.5,2,12
614,2020-04-30 09:50:00,218.5,224.85,218.5,224.85,1,12
615,2020-04-30 09:51:00,224.85,224.85,224.85,224.85,1,12
616,2020-04-30 09:52:00,224.85,224.85,224.85,224.85,1,12
617,2020-04-30 09:55:00,224.85,225.85,224.85,225.85,1,13
618,2020-04-30 09:56:00,218.8,218.8,218.8,218.8,1,13
619,2020-04-30 09:59:00,219.5,219.5,219.5,219.5,1,13
620,2020-04-30 10:00:00,219.5,224.1,219.5,224.1,1,13
621,2020-04-30 10:02:00,218.2,218.2,218.2,218.2,1,13
622,2020-04-30 10:03:00,218.2,224.3,218.1,218.1,2,13
623,2020-04-30 10:04:00,223.5,225.7,218.25,225.65,5,14
624,2020-04-30 10:05:00,225.65,225.65,223.25,223.25,1,14
625,2020-04-30 10:06:00,223.25,223.3,223.25,223.3,1,14
626,2020-04-30 10:07:00,223.3,223.3,223.3,223.3,1,14
627,2020-04-30 10:08:00,223.3,223.3,223.3,223.3,1,14
628,2020-04-30 10:10:00,225.35,225.45,225.35,225.45,2,14
629,2020-04-30 10:12:00,225.45,225.45,222.05,222.05,1,13
630,2020-04-30 10:13:00,223.35,223.35,223.35,223.35,1,12
631,2020-04-30 10:14:00,223.35,223.35,223.35,223.35,1,12
632,2020-04-30 10:32:00,223.35,223.35,221.05,221.05,1,12
633,2020-04-30 10:33:00,221.0,221.0,221.0,221.0,1,12
634,2020-04-30 10:34:00,221.0,221.0,221.0,221.0,1,12
635,2020-04-30 10:35:00,223.0,223.0,223.0,223.0,1,12
636,2020-04-30 10:37:00,225.1,225.1,224.95,224.95,2,12
637,2020-04-30 10:38:00,224.95,225.2,224.95,225.2,1,13
638,2020-04-30 10:45:00,220.65,220.65,220.65,220.65,1,12
639,2020-04-30 10:59:00,221.25,221.25,221.25,221.25,1,12
640,2020-04-30 11:08:00,221.25,226.15,221.25,226.15,1,12
641,2020-04-30 11:11:00,226.15,226.15,221.45,221.45,1,12
642,2020-04-30 11:12:00,221.45,221.45,221.45,221.45,3,13
643,2020-04-30 11:20:00,221.45,221.45,221.45,221.45,1,14
644,2020-04-30 11:22:00,221.0,221.0,221.0,221.0,1,14
645,2020-04-30 11:23:00,220.0,220.0,220.0,220.0,1,13
646,2020-04-30 11:29:00,220.0,223.55,220.0,223.55,1,13
647,2020-04-30 13:31:00,226.0,226.0,226.0,226.0,1,12
648,2020-04-30 13:33:00,223.55,223.55,223.55,223.55,4,12
649,2020-04-30 13:34:00,223.55,223.55,223.55,223.55,1,12
650,2020-04-30 13:35:00,223.55,223.55,223.5,223.5,1,13
651,2020-04-30 13:36:00,223.5,223.5,218.05,223.3,2,13
652,2020-04-30 13:38:00,223.3,223.35,223.3,223.35,2,14
653,2020-04-30 13:44:00,220.15,220.15,220.15,220.15,1,13
654,2020-04-30 13:49:00,220.15,226.45,216.85,226.45,4,13
655,2020-04-30 13:50:00,226.45,226.45,219.95,219.95,2,12
656,2020-04-30 13:52:00,226.0,226.0,226.0,226.0,2,12
657,2020-04-30 13:58:00,226.0,226.0,221.9,221.9,1,12
658,2020-04-30 13:59:00,226.35,226.35,226.35,226.35,1,12
659,2020-04-30 14:01:00,226.35,226.35,224.05,224.05,1,12
660,2020-04-30 14:02:00,224.05,226.5,224.05,226.5,3,12
661,2020-04-30 14:04:00,220.05,226.4,220.05,226.4,3,12
662,2020-04-30 14:06:00,226.4,226.4,225.95,225.95,1,12
663,2020-04-30 14:07:00,225.9,225.9,225.9,225.9,1,12
664,2020-04-30 14:08:00,225.9,225.9,225.9,225.9,1,12
665,2020-04-30 14:12:00,225.95,225.95,225.95,225.95,1,12
666,2020-04-30 14:16:00,225.95,225.95,225.95,225.95,1,12
667,2020-04-30 14:23:00,226.5,226.5,226.5,226.5,7,5
668,2020-04-30 14:29:00,226.5,226.5,226.5,226.5,7,5
669,2020-04-30 14:31:00,226.5,226.5,226.5,226.5,1,4
670,2020-04-30 14:37:00,226.5,226.5,226.5,226.5,1,4
671,2020-04-30 14:39:00,226.5,226.5,226.5,226.5,1,4
672,2020-04-30 14:41:00,226.5,226.5,226.5,226.5,1,3
673,2020-04-30 14:48:00,226.5,226.5,226.5,226.5,1,2
674,2020-04-30 14:49:00,226.5,226.5,226.5,226.5,1,2
675,2020-04-30 14:52:00,226.5,226.5,226.5,226.5,2,0
,datetime,open,high,low,close,volume,hold
0,2020-04-13 11:10:00,222.2,222.2,222.2,222.2,5,1
1,2020-04-15 09:01:00,172.1,172.1,172.1,172.1,2,2
2,2020-04-15 09:03:00,172.1,172.1,172.1,172.1,1,3
3,2020-04-15 09:14:00,172.1,172.1,172.1,172.1,1,3
4,2020-04-15 09:30:00,172.1,172.1,172.1,172.1,1,3
5,2020-04-15 09:32:00,172.1,172.1,172.1,172.1,1,4
6,2020-04-16 09:16:00,166.75,166.75,166.75,166.75,1,3
7,2020-04-16 09:20:00,166.75,166.95,166.75,166.95,1,2
8,2020-04-16 09:24:00,167.35,167.4,167.35,167.4,3,3
9,2020-04-16 09:35:00,167.4,167.95,167.4,167.95,1,3
10,2020-04-16 13:45:00,167.95,171.05,167.95,171.05,1,4
11,2020-04-16 13:46:00,170.55,171.05,170.55,170.55,1,5
12,2020-04-17 09:01:00,169.05,169.05,169.05,169.05,1,5
13,2020-04-17 10:07:00,168.75,168.75,168.75,168.75,1,5
14,2020-04-17 10:08:00,168.75,168.75,168.75,168.75,1,5
15,2020-04-17 11:17:00,168.75,169.95,168.75,169.95,1,4
16,2020-04-17 11:18:00,169.95,169.95,169.95,169.95,1,3
17,2020-04-17 14:50:00,172.9,172.9,172.9,172.9,1,3
18,2020-04-17 14:57:00,172.9,172.9,172.9,172.9,1,3
19,2020-04-20 10:01:00,178.6,178.6,178.6,178.6,1,3
20,2020-04-20 13:35:00,174.5,174.5,174.5,174.5,1,3
21,2020-04-20 13:37:00,174.5,174.5,174.5,174.5,1,3
22,2020-04-20 14:34:00,174.9,174.9,174.9,174.9,1,3
23,2020-04-20 14:42:00,174.9,174.9,174.9,174.9,1,3
24,2020-04-20 14:47:00,178.6,178.6,178.6,178.6,1,4
25,2020-04-20 14:50:00,178.6,178.6,178.6,178.6,1,4
26,2020-04-20 14:51:00,178.6,178.6,178.6,178.6,1,5
27,2020-04-20 14:53:00,178.6,178.6,178.6,178.6,1,5
28,2020-04-20 14:58:00,176.05,178.6,176.05,176.05,1,4
29,2020-04-21 09:25:00,183.0,183.0,183.0,183.0,1,5
30,2020-04-21 09:29:00,174.5,174.5,174.5,174.5,1,5
31,2020-04-21 09:32:00,174.5,174.5,174.5,174.5,1,5
32,2020-04-22 13:32:00,172.7,172.7,172.7,172.7,1,5
33,2020-04-22 13:35:00,172.7,176.2,172.7,176.2,1,4
34,2020-04-23 09:15:00,178.5,178.5,178.5,178.5,4,4
35,2020-04-24 11:12:00,177.0,177.0,177.0,177.0,5,8
36,2020-04-24 11:30:00,177.0,177.4,177.0,177.4,2,7
37,2020-04-27 10:45:00,175.1,175.1,175.1,175.1,5,7
38,2020-04-28 14:53:00,179.45,179.45,177.15,177.15,2,7
39,2020-04-28 14:59:00,177.15,179.05,177.15,179.05,1,7
40,2020-04-29 09:01:00,182.0,182.0,182.0,182.0,1,7
41,2020-04-29 11:00:00,181.5,181.5,181.5,181.5,1,7
42,2020-04-29 13:37:00,182.5,182.5,182.5,182.5,1,7
43,2020-04-29 13:50:00,182.5,182.5,182.5,182.5,1,7
44,2020-04-29 14:05:00,182.5,182.5,182.5,182.5,1,7
45,2020-04-29 14:14:00,183.75,183.75,183.75,183.75,1,8
46,2020-04-29 14:15:00,183.75,183.75,183.75,183.75,1,8
47,2020-04-29 14:39:00,183.2,183.2,183.2,183.2,1,8
48,2020-04-29 14:48:00,183.2,183.2,183.2,183.2,1,8
49,2020-04-29 14:49:00,181.5,181.5,181.5,181.5,1,7
50,2020-04-30 09:34:00,177.65,177.65,177.65,177.65,1,7
51,2020-04-30 11:27:00,174.8,174.8,173.3,173.3,2,7
52,2020-04-30 11:30:00,175.1,175.1,175.1,175.1,1,7
53,2020-04-30 13:35:00,175.1,178.55,175.1,178.55,2,6
54,2020-04-30 14:00:00,181.6,181.6,181.6,181.6,1,6
55,2020-04-30 14:17:00,181.6,181.6,181.6,181.6,1,6
56,2020-05-06 09:17:00,182.65,182.7,182.65,182.7,2,6
57,2020-05-06 09:18:00,182.7,182.7,182.7,182.7,1,5
58,2020-05-06 09:20:00,182.7,182.7,182.7,182.7,1,5
59,2020-05-06 09:23:00,182.7,185.9,182.7,185.9,2,4
60,2020-05-06 09:24:00,185.9,185.9,185.9,185.9,1,3
61,2020-05-06 09:26:00,185.9,185.9,185.9,185.9,1,4
62,2020-05-06 10:07:00,185.9,185.9,185.9,185.9,1,5
63,2020-05-06 11:12:00,185.9,185.9,185.9,185.9,1,5
64,2020-05-07 13:37:00,186.35,186.35,186.35,186.35,1,4
65,2020-05-07 13:38:00,189.85,189.85,189.85,189.85,1,5
66,2020-05-07 13:43:00,186.2,186.2,186.2,186.2,1,4
67,2020-05-07 13:52:00,186.2,186.2,186.2,186.2,1,4
68,2020-05-07 14:40:00,186.45,186.45,186.45,186.45,1,3
69,2020-05-07 14:59:00,186.45,186.45,186.45,186.45,1,3
70,2020-05-11 14:22:00,185.05,185.05,185.05,185.05,6,2
71,2020-05-18 14:33:00,195.05,195.05,195.05,195.05,1,2
72,2020-05-19 11:18:00,189.45,189.45,189.45,189.45,2,2
73,2020-05-25 14:46:00,198.9,198.9,198.9,198.9,1,2
74,2020-05-27 10:52:00,189.0,189.0,189.0,189.0,1,2
75,2020-05-27 11:25:00,212.0,208.05,207.05,208.05,1,3
76,2020-05-27 11:26:00,208.05,208.05,207.8,207.8,2,5
77,2020-05-27 13:56:00,208.8,208.8,208.8,208.8,2,4
78,2020-05-28 14:38:00,214.0,214.0,214.0,214.0,1,4
79,2020-05-28 14:43:00,214.0,214.0,213.9,213.9,1,3
80,2020-05-29 13:32:00,224.6,224.6,224.6,224.6,2,1
81,2020-05-29 13:52:00,224.6,224.6,224.6,224.6,1,2
82,2020-05-29 14:05:00,214.2,214.2,214.2,214.2,1,1
83,2020-06-02 11:04:00,263.7,263.7,263.7,263.7,2,0
,datetime,open,high,low,close,volume,hold
0,2020-04-30 09:15:00,180.0,180.0,180.0,180.0,1,1
1,2020-04-30 09:16:00,180.0,180.0,180.0,180.0,1,2
2,2020-05-20 09:01:00,179.0,179.0,179.0,179.0,2,1
3,2020-05-20 13:56:00,179.0,179.0,179.0,179.0,1,0
4,2020-05-22 09:24:00,175.35,175.35,175.35,175.35,2,1
5,2020-05-29 13:52:00,176.95,176.95,176.95,176.95,1,2
6,2020-06-03 14:13:00,185.9,185.9,185.9,185.9,1,2
7,2020-06-03 14:14:00,177.75,177.75,177.75,177.75,1,2
8,2020-06-03 14:15:00,177.75,185.9,177.75,185.9,1,2
9,2020-06-18 14:02:00,191.0,192.3,191.0,192.3,2,2
10,2020-06-18 14:53:00,192.3,192.3,192.3,192.3,1,3
11,2020-07-01 14:54:00,201.4,201.4,192.3,192.3,3,5
12,2020-07-02 10:37:00,200.0,200.0,200.0,200.0,2,4
13,2020-07-08 14:36:00,194.35,194.35,194.35,194.35,2,6
14,2020-07-08 14:40:00,194.35,202.55,194.35,202.55,4,4
15,2020-07-08 14:48:00,202.55,207.65,202.55,207.65,1,3
16,2020-07-13 09:53:00,210.55,210.55,210.55,210.55,2,4
17,2020-07-13 14:33:00,210.9,210.9,210.9,210.9,1,4
18,2020-07-14 09:06:00,227.25,227.25,227.25,227.25,1,4
19,2020-07-14 09:13:00,211.0,211.0,211.0,211.0,1,5
20,2020-07-14 09:14:00,211.0,211.0,211.0,211.0,1,5
21,2020-07-14 09:23:00,211.0,226.75,211.0,226.75,1,5
22,2020-07-14 09:25:00,226.75,226.75,217.95,226.7,2,5
23,2020-07-14 09:29:00,226.7,226.7,225.35,225.35,1,5
24,2020-07-14 09:30:00,225.35,226.15,225.35,226.15,1,5
25,2020-07-14 09:33:00,227.55,227.55,227.55,227.55,1,5
26,2020-07-14 09:51:00,226.05,226.05,226.05,226.05,1,5
27,2020-07-14 09:52:00,226.05,226.05,226.05,226.05,1,5
28,2020-07-14 11:15:00,220.05,220.05,220.05,220.05,1,5
29,2020-07-14 11:29:00,220.05,220.05,220.05,220.05,1,5
30,2020-07-14 13:31:00,220.05,227.35,220.05,227.35,1,5
31,2020-07-14 13:32:00,227.35,227.35,218.3,218.3,1,6
32,2020-07-14 13:33:00,218.3,227.15,218.3,227.15,1,5
33,2020-07-15 11:07:00,230.85,230.85,230.85,230.85,2,5
34,2020-07-15 14:03:00,230.85,230.85,215.15,215.15,1,5
35,2020-07-15 14:06:00,232.7,232.7,232.7,232.7,1,6
36,2020-07-15 14:10:00,232.7,232.7,232.7,232.7,1,6
37,2020-07-15 14:12:00,232.7,232.7,231.55,231.55,1,6
38,2020-07-15 14:26:00,231.55,231.55,226.0,226.0,1,5
39,2020-07-21 14:22:00,235.0,235.0,235.0,235.0,1,5
40,2020-07-21 14:54:00,235.0,237.2,235.0,237.2,1,5
41,2020-07-23 09:17:00,236.1,236.1,236.1,236.1,8,2
42,2020-08-03 09:01:00,267.7,267.7,267.7,267.7,3,1
43,2020-08-04 09:01:00,294.45,294.45,294.45,294.45,3,0
,datetime,open,high,low,close,volume,hold
0,2020-04-23 13:46:00,191.0,192.0,188.4,188.45,12,3
1,2020-04-24 09:01:00,177.4,177.4,177.4,177.4,2,3
2,2020-04-24 09:05:00,177.4,177.4,177.4,177.4,1,2
3,2020-04-27 09:35:00,175.1,175.1,175.05,175.05,2,0
4,2020-04-27 10:33:00,173.0,173.0,173.0,173.0,1,1
5,2020-04-27 13:32:00,173.0,173.0,173.0,173.0,1,1
6,2020-05-11 14:23:00,183.05,183.05,183.05,183.05,2,3
7,2020-05-11 14:30:00,177.6,177.6,177.6,177.6,1,3
8,2020-05-11 14:33:00,177.6,177.6,177.35,177.35,1,2
9,2020-05-11 14:43:00,178.8,178.8,177.35,178.8,1,1
10,2020-05-18 14:54:00,183.7,183.7,183.7,183.7,1,0
11,2020-05-25 13:42:00,180.75,180.75,180.75,180.75,1,1
12,2020-07-14 14:52:00,191.35,191.35,191.35,191.35,1,0
13,2020-07-30 10:38:00,203.95,203.95,203.95,203.95,2,1
14,2020-08-19 13:38:00,224.4,224.4,224.4,224.4,1,0
,datetime,open,high,low,close,volume,hold
0,2020-09-10 09:04:00,232.45,232.45,232.45,232.45,2,1
1,2020-10-16 09:04:00,109.9,109.9,109.9,109.9,2,1
2,2020-10-16 09:26:00,109.9,109.9,109.9,109.9,1,1
3,2020-10-19 10:46:00,99.95,99.95,99.95,99.95,2,0
,datetime,open,high,low,close,volume,hold
0,2020-10-16 09:16:00,209.85,209.9,209.85,209.9,2,1
1,2020-10-16 09:24:00,219.45,219.45,219.45,219.45,1,2
2,2020-10-16 09:25:00,219.45,219.45,219.45,219.45,1,2
3,2020-10-16 09:39:00,219.45,226.15,219.45,226.15,1,3
4,2020-10-19 10:07:00,208.0,208.0,208.0,208.0,1,3
5,2020-10-19 10:39:00,210.0,210.0,210.0,210.0,1,3
6,2020-10-19 10:46:00,210.0,210.0,210.0,210.0,1,2
7,2020-10-19 10:48:00,210.0,210.0,210.0,210.0,1,2
8,2020-10-19 13:31:00,210.0,210.0,210.0,210.0,2,0
9,2020-10-27 09:06:00,174.1,174.1,174.1,174.1,1,1
10,2020-10-27 10:42:00,174.1,174.1,174.1,174.1,1,2
11,2020-10-27 10:43:00,174.1,174.1,174.1,174.1,1,2
12,2020-11-10 09:01:00,83.35,83.35,83.35,83.35,2,0
13,2020-11-10 09:03:00,83.35,83.35,83.35,83.35,1,0
,datetime,open,high,low,close,volume,hold
0,2020-09-07 11:29:00,340.65,340.65,340.65,340.65,1,1
1,2020-09-07 14:19:00,337.95,337.95,337.95,337.95,1,2
2,2020-09-22 15:00:00,217.55,217.55,217.55,217.55,1,2
3,2020-09-23 13:55:00,206.7,206.7,206.7,206.7,1,2
4,2020-09-23 13:56:00,228.3,228.3,228.3,228.3,1,2
5,2020-09-23 14:59:00,228.3,228.3,210.75,210.75,1,2
6,2020-10-16 14:12:00,226.0,226.0,226.0,226.0,1,3
7,2020-10-16 14:14:00,226.0,226.0,226.0,226.0,1,4
8,2020-10-16 14:22:00,226.0,226.0,214.25,214.25,1,4
9,2020-10-16 14:26:00,219.7,219.7,219.7,219.7,1,5
10,2020-10-16 14:33:00,219.7,219.7,206.95,206.95,1,6
11,2020-10-16 14:35:00,206.95,206.95,204.5,205.2,2,8
12,2020-10-16 14:54:00,204.5,204.5,204.5,204.5,1,8
13,2020-10-19 09:11:00,202.7,203.7,202.7,203.7,3,6
14,2020-10-19 09:13:00,203.7,203.7,202.7,202.7,1,5
15,2020-10-19 09:55:00,217.6,217.6,217.6,217.6,1,6
16,2020-10-19 09:59:00,217.6,221.85,217.6,221.85,1,7
17,2020-10-19 10:01:00,221.85,221.85,205.45,205.45,1,8
18,2020-10-19 10:06:00,206.1,206.1,206.1,206.1,1,7
19,2020-10-19 10:39:00,206.1,206.1,206.1,206.1,2,5
20,2020-10-19 10:42:00,206.1,209.0,206.1,209.0,2,4
21,2020-10-21 13:43:00,204.05,204.05,204.05,204.05,1,3
22,2020-10-21 14:00:00,204.1,204.1,204.1,204.1,1,2
23,2020-10-21 14:01:00,204.1,204.1,203.45,203.45,1,2
24,2020-10-21 14:36:00,202.0,202.0,202.0,202.0,1,2
25,2020-10-22 11:03:00,196.55,196.55,196.55,196.55,1,3
26,2020-10-22 11:04:00,196.55,196.55,193.25,193.25,1,4
27,2020-10-22 11:08:00,193.25,193.4,193.25,193.25,2,6
28,2020-10-22 11:09:00,193.25,193.25,193.25,193.25,2,8
29,2020-10-22 11:13:00,193.25,193.25,193.25,193.25,1,8
30,2020-10-22 11:15:00,193.25,193.25,193.25,193.25,2,7
31,2020-10-23 11:02:00,178.2,178.2,178.2,178.2,2,7
32,2020-10-23 14:24:00,183.85,183.85,183.85,183.85,1,7
33,2020-10-26 14:01:00,163.5,163.5,163.5,163.5,1,8
34,2020-10-26 14:02:00,163.5,163.5,163.5,163.5,1,8
35,2020-10-26 14:50:00,163.15,163.15,163.15,163.15,1,9
36,2020-10-26 14:51:00,163.15,163.25,163.15,163.25,1,9
37,2020-10-26 14:53:00,178.0,180.5,177.0,180.5,3,11
38,2020-10-26 14:57:00,199.0,199.1,198.0,199.1,5,10
39,2020-10-26 14:58:00,199.1,199.1,199.1,199.1,4,12
40,2020-10-26 14:59:00,199.1,199.1,199.1,199.1,1,13
41,2020-10-27 09:04:00,195.15,195.15,195.15,195.15,3,11
42,2020-10-27 09:09:00,195.15,195.15,195.15,195.15,2,13
43,2020-10-27 09:11:00,195.15,195.15,195.15,195.15,1,13
44,2020-10-27 11:10:00,195.15,195.15,195.15,195.15,1,13
45,2020-10-27 11:13:00,195.15,195.15,195.15,195.15,1,13
46,2020-10-28 09:58:00,210.75,210.75,210.75,210.75,1,12
47,2020-10-28 09:59:00,210.75,210.75,195.65,195.65,1,12
48,2020-10-29 09:21:00,200.8,200.8,200.8,200.8,2,12
49,2020-10-30 14:57:00,195.25,195.25,195.25,195.25,1,12
50,2020-11-02 09:09:00,205.0,205.0,205.0,205.0,1,13
51,2020-11-02 09:18:00,205.0,205.0,205.0,205.0,1,13
52,2020-11-02 09:52:00,205.0,205.0,205.0,205.0,1,13
53,2020-11-04 09:41:00,200.2,200.2,200.2,200.2,1,13
54,2020-11-04 09:42:00,200.2,215.25,200.2,215.25,1,14
55,2020-11-04 10:07:00,215.25,215.25,215.25,215.25,1,14
56,2020-11-04 10:33:00,215.25,215.25,215.25,215.25,1,14
57,2020-11-12 11:02:00,226.4,226.4,226.4,226.4,4,15
58,2020-11-17 14:44:00,237.6,237.6,237.6,237.6,2,13
59,2020-11-18 14:53:00,256.45,256.45,256.45,256.45,1,12
60,2020-11-18 14:57:00,256.55,256.55,256.55,256.55,1,12
61,2020-11-18 14:58:00,256.5,256.6,255.5,256.6,4,12
62,2020-11-18 14:59:00,256.6,256.6,237.65,237.65,2,14
63,2020-11-18 15:00:00,237.65,256.5,237.65,256.5,5,11
64,2020-11-19 14:50:00,263.5,263.5,263.5,263.5,1,10
65,2020-11-23 14:46:00,298.75,298.75,298.75,298.75,1,9
66,2020-11-24 09:12:00,328.45,328.45,328.45,328.45,6,3
67,2020-11-24 09:13:00,328.45,328.45,328.45,328.45,1,2
68,2020-11-24 09:15:00,328.45,328.45,328.45,328.45,1,1
69,2020-11-24 09:16:00,328.45,328.45,328.4,328.4,1,1
70,2020-11-24 09:59:00,300.0,300.0,300.0,300.0,1,0
71,2020-11-24 10:02:00,300.0,300.0,300.0,300.0,1,0
,datetime,open,high,low,close,volume,hold
0,2020-11-18 14:32:00,215.35,215.35,215.35,215.35,1,1
1,2020-11-25 10:51:00,229.0,229.0,229.0,229.0,1,2
2,2020-11-25 10:52:00,229.0,249.0,229.0,249.0,1,2
3,2020-11-25 13:40:00,249.0,249.0,249.0,249.0,1,1
4,2020-11-26 09:09:00,237.5,237.5,237.5,237.5,2,0
,datetime,open,high,low,close,volume,hold
0,2021-04-21 09:47:00,237.5,237.5,237.5,237.5,2,1
1,2021-04-21 09:48:00,282.0,277.05,276.05,277.05,1,2
2,2021-04-21 09:49:00,241.0,242.0,238.35,240.1,3,2
3,2021-04-21 09:50:00,266.0,267.6,265.0,267.6,1,2
4,2021-04-21 09:53:00,267.15,267.15,267.15,267.15,1,2
5,2021-04-21 09:56:00,267.15,267.15,266.95,266.95,1,2
6,2021-04-21 10:00:00,266.95,269.85,266.95,269.85,1,3
7,2021-04-21 10:02:00,269.85,275.1,269.85,275.1,1,4
8,2021-04-21 10:03:00,275.1,278.7,260.2,260.2,4,7
9,2021-04-21 10:04:00,260.2,278.7,260.2,278.7,1,7
10,2021-04-21 10:05:00,278.7,278.7,278.7,278.7,2,9
11,2021-04-21 10:08:00,278.7,278.7,278.7,278.7,1,9
12,2021-04-21 10:09:00,278.7,278.7,278.7,278.7,2,10
13,2021-04-21 10:10:00,278.7,278.7,277.05,277.05,3,13
14,2021-04-21 10:11:00,277.05,277.05,277.0,277.0,2,14
15,2021-04-21 10:12:00,277.0,277.0,264.1,264.2,2,15
16,2021-04-21 10:14:00,277.5,277.5,277.5,277.5,1,14
17,2021-04-21 10:32:00,277.5,278.7,277.5,278.7,2,16
18,2021-04-21 10:33:00,278.7,278.7,278.6,278.6,2,18
19,2021-04-21 10:34:00,277.8,277.8,277.8,277.8,1,18
20,2021-04-21 10:35:00,278.7,278.7,278.7,278.7,2,20
21,2021-04-21 10:36:00,278.7,278.7,274.15,274.15,1,20
22,2021-04-21 10:38:00,278.7,278.7,277.45,277.45,3,20
23,2021-04-21 10:42:00,277.45,278.7,277.45,278.7,1,21
24,2021-04-21 10:45:00,278.7,278.7,276.9,276.9,4,22
25,2021-04-21 10:46:00,273.15,277.95,273.15,277.95,2,21
26,2021-04-21 10:50:00,277.85,277.85,277.8,277.8,3,21
27,2021-04-21 10:51:00,277.8,277.85,277.8,277.85,3,22
28,2021-04-21 10:55:00,277.85,278.0,277.85,278.0,3,24
29,2021-04-21 10:56:00,278.0,278.0,278.0,278.0,4,24
30,2021-04-21 10:57:00,277.85,277.85,277.85,277.85,1,24
31,2021-04-21 11:01:00,278.35,278.35,278.35,278.35,1,24
32,2021-04-21 11:09:00,278.35,278.35,278.05,278.05,1,24
33,2021-04-21 11:10:00,278.05,278.5,274.2,278.5,2,24
34,2021-04-21 11:11:00,275.75,275.75,275.75,275.75,1,25
35,2021-04-21 11:14:00,278.5,278.5,278.5,278.5,1,25
36,2021-04-21 11:28:00,278.5,278.5,278.45,278.45,1,25
37,2021-04-21 11:30:00,278.45,278.45,278.4,278.45,3,26
38,2021-04-21 13:35:00,278.6,278.65,275.05,278.6,4,25
39,2021-04-21 13:44:00,278.6,278.6,278.6,278.6,1,24
40,2021-04-21 13:45:00,278.65,278.65,278.65,278.65,1,23
41,2021-04-21 13:47:00,277.3,277.3,277.3,277.3,1,23
42,2021-04-21 13:49:00,277.3,278.55,277.3,278.55,1,22
43,2021-04-21 14:16:00,277.5,277.5,277.5,277.5,2,20
44,2021-04-21 14:21:00,278.65,278.65,278.65,278.65,1,19
45,2021-04-21 14:26:00,278.65,278.65,278.65,278.65,1,18
46,2021-04-21 14:27:00,278.65,278.65,278.65,278.65,1,17
47,2021-04-21 15:00:00,278.65,278.65,278.65,278.65,1,16
48,2021-04-22 09:01:00,288.2,288.2,288.2,288.2,1,15
49,2021-04-22 09:09:00,288.2,288.2,288.2,288.2,1,16
50,2021-04-22 09:10:00,288.2,288.2,283.35,283.35,1,15
51,2021-04-22 09:52:00,288.6,288.6,288.6,288.6,1,15
52,2021-04-22 09:56:00,288.6,288.6,288.6,288.6,1,15
53,2021-04-22 10:10:00,288.5,288.5,288.5,288.5,1,16
54,2021-04-22 10:11:00,288.5,288.5,284.5,284.5,1,15
55,2021-04-22 13:35:00,288.6,288.6,288.6,288.6,1,15
56,2021-04-22 14:24:00,288.6,288.6,288.6,288.6,6,15
57,2021-04-22 14:26:00,288.6,288.6,288.6,288.6,1,15
58,2021-04-22 14:59:00,288.6,288.6,288.6,288.6,2,15
59,2021-04-23 09:03:00,299.9,299.9,299.9,299.9,2,15
60,2021-04-23 09:05:00,299.9,300.35,299.9,300.35,2,15
61,2021-04-23 09:07:00,300.35,300.6,300.35,300.6,1,16
62,2021-04-23 09:08:00,300.6,301.1,296.0,301.1,3,15
63,2021-04-23 09:19:00,301.6,301.6,301.6,301.6,1,16
64,2021-04-23 09:56:00,301.6,301.6,301.6,301.6,1,16
65,2021-04-23 09:58:00,301.6,301.6,301.6,301.6,2,16
66,2021-04-23 10:02:00,301.6,301.65,301.6,301.65,1,16
67,2021-04-23 10:12:00,301.65,301.65,301.65,301.65,1,16
68,2021-04-23 10:14:00,300.0,300.0,300.0,300.0,1,16
69,2021-04-23 10:35:00,300.0,301.5,300.0,301.5,1,16
70,2021-04-23 10:39:00,301.5,301.5,295.0,295.0,1,16
71,2021-04-23 11:05:00,295.0,301.55,295.0,301.55,2,17
72,2021-04-23 11:12:00,295.15,300.9,295.15,300.9,2,17
73,2021-04-23 11:13:00,300.9,300.9,296.2,296.2,1,17
74,2021-04-23 11:25:00,296.25,296.25,296.2,296.2,2,17
75,2021-04-23 11:26:00,296.2,296.2,296.2,296.2,24,17
76,2021-04-23 11:28:00,296.2,296.2,296.15,296.15,1,16
77,2021-04-23 13:31:00,296.15,301.6,296.15,301.6,1,16
78,2021-04-23 14:02:00,301.6,301.6,289.25,289.25,2,16
79,2021-04-23 14:07:00,289.25,301.65,289.25,301.65,2,16
80,2021-04-23 14:34:00,301.6,301.6,301.6,301.6,1,16
81,2021-04-26 09:04:00,308.85,308.85,308.85,308.85,1,16
82,2021-04-26 09:10:00,308.85,308.85,306.05,306.05,1,15
83,2021-04-26 09:17:00,311.0,311.0,311.0,311.0,1,15
84,2021-04-26 09:18:00,311.0,311.0,311.0,311.0,1,15
85,2021-04-26 09:24:00,311.0,311.0,311.0,311.0,1,15
86,2021-04-26 09:26:00,311.0,313.75,311.0,313.75,1,16
87,2021-04-26 09:34:00,313.75,313.75,311.75,311.75,1,16
88,2021-04-26 09:46:00,311.75,311.75,311.75,311.75,1,17
89,2021-04-26 09:51:00,311.75,311.75,311.75,311.75,1,18
90,2021-04-26 10:03:00,311.75,311.75,311.75,311.75,1,19
91,2021-04-26 10:04:00,311.75,311.75,311.75,311.75,2,21
92,2021-04-26 10:08:00,311.75,311.75,311.75,311.75,2,23
93,2021-04-26 10:10:00,311.75,311.75,311.75,311.75,1,23
94,2021-04-26 11:17:00,312.0,312.0,312.0,312.0,1,22
95,2021-04-27 09:02:00,315.0,315.0,315.0,315.0,1,21
96,2021-04-27 09:04:00,310.6,310.6,310.6,310.6,1,20
97,2021-04-27 09:11:00,300.05,300.05,300.05,300.05,1,20
98,2021-04-27 09:12:00,326.0,326.7,326.0,326.7,6,18
99,2021-04-27 09:14:00,326.7,326.7,325.95,325.95,1,18
100,2021-04-27 09:15:00,316.45,316.45,316.45,316.45,1,17
101,2021-04-27 09:21:00,315.55,315.55,315.55,315.55,1,16
102,2021-04-27 10:04:00,321.65,321.65,321.65,321.65,1,17
103,2021-04-27 10:31:00,312.0,312.0,312.0,312.0,1,16
104,2021-04-27 13:52:00,316.0,316.0,316.0,316.0,1,15
105,2021-04-28 09:03:00,332.6,332.6,332.6,332.6,1,15
106,2021-04-28 09:24:00,323.25,323.25,323.25,323.25,1,15
107,2021-04-28 09:29:00,333.15,333.15,333.15,333.15,1,16
108,2021-04-28 09:36:00,333.15,333.25,303.15,333.25,2,16
109,2021-04-28 09:47:00,315.05,315.05,315.05,315.05,1,16
110,2021-04-28 09:51:00,328.85,328.85,328.85,328.85,1,17
111,2021-04-28 09:54:00,328.85,332.85,328.85,332.85,1,17
112,2021-04-28 10:05:00,332.85,332.85,325.8,325.8,2,15
113,2021-04-28 13:40:00,333.25,333.25,333.25,333.25,1,15
114,2021-04-28 13:58:00,329.5,329.5,329.45,329.45,2,15
115,2021-04-29 09:04:00,346.9,346.95,346.9,346.95,2,15
116,2021-04-29 09:41:00,346.95,346.95,346.95,346.95,2,15
117,2021-04-29 09:47:00,346.95,346.95,346.95,346.95,4,15
118,2021-04-29 10:12:00,346.95,352.45,346.95,352.45,1,14
119,2021-04-29 10:34:00,349.55,349.55,349.55,349.55,1,14
120,2021-04-29 10:35:00,349.5,349.5,349.5,349.5,1,14
121,2021-04-29 13:41:00,349.5,349.5,348.0,348.0,7,7
122,2021-04-29 13:55:00,346.85,346.85,346.85,346.85,1,7
123,2021-04-29 13:57:00,346.85,346.85,346.4,346.4,1,7
124,2021-04-29 13:58:00,346.4,346.4,346.3,346.3,1,8
125,2021-04-29 14:06:00,346.3,346.3,346.3,346.3,1,7
126,2021-04-30 09:02:00,331.05,331.05,331.05,331.05,2,5
127,2021-04-30 09:07:00,331.05,331.05,330.9,330.9,1,5
128,2021-04-30 09:08:00,330.9,330.9,330.9,330.9,1,5
129,2021-04-30 09:11:00,330.9,330.9,330.9,330.9,2,5
130,2021-04-30 09:16:00,348.3,348.3,348.3,348.3,1,4
131,2021-04-30 09:29:00,348.3,348.3,348.3,348.3,1,5
132,2021-04-30 14:06:00,348.25,348.25,348.25,348.25,1,4
133,2021-04-30 14:12:00,348.3,348.3,348.3,348.3,1,3
134,2021-04-30 14:58:00,348.3,348.3,348.3,348.3,1,2
135,2021-04-30 15:00:00,348.3,348.3,348.3,348.3,2,0
,datetime,open,high,low,close,volume,hold
0,2021-04-21 09:47:00,201.05,201.05,201.05,201.05,1,1
1,2021-04-30 09:23:00,200.65,200.65,200.65,200.65,1,2
2,2021-04-30 09:30:00,200.65,200.65,200.55,200.65,2,2
3,2021-04-30 09:45:00,200.65,219.55,200.65,219.55,2,3
4,2021-04-30 09:47:00,219.55,219.55,219.55,219.55,1,3
5,2021-04-30 09:54:00,214.3,214.3,214.3,214.3,1,3
6,2021-04-30 09:56:00,214.3,214.3,214.3,214.3,1,4
7,2021-04-30 11:27:00,214.05,214.05,214.05,214.05,1,4
8,2021-04-30 13:32:00,214.05,216.3,214.05,216.3,1,3
9,2021-04-30 14:44:00,220.0,220.0,220.0,220.0,1,2
10,2021-04-30 14:50:00,220.0,220.0,220.0,220.0,1,2
11,2021-05-07 09:05:00,202.05,202.05,202.05,202.05,2,1
12,2021-05-07 09:12:00,202.05,202.05,202.05,202.05,1,2
13,2021-05-07 09:22:00,210.55,210.55,210.55,210.55,1,1
14,2021-05-07 09:23:00,210.55,210.6,210.55,210.6,1,0
,datetime,open,high,low,close,volume,hold
0,2021-04-27 14:29:00,250.0,250.0,250.0,250.0,1,1
1,2021-04-28 14:43:00,237.5,237.5,237.5,237.5,1,0
,datetime,open,high,low,close,volume,hold
0,2021-06-04 14:00:00,215.75,215.75,215.75,215.75,1,1
1,2021-06-04 14:05:00,215.75,228.25,215.75,228.25,1,0
,datetime,open,high,low,close,volume,hold
0,2021-09-09 10:43:00,232.55,232.55,232.45,232.45,3,3
1,2021-09-09 10:44:00,222.65,222.65,222.65,222.65,1,3
2,2021-09-09 14:20:00,225.25,232.3,225.25,232.3,2,3
3,2021-09-09 14:23:00,232.3,232.3,231.05,231.05,1,3
4,2021-09-09 14:33:00,230.65,230.65,230.65,230.65,1,3
5,2021-09-10 09:38:00,230.15,230.15,230.1,230.1,2,3
6,2021-09-10 14:56:00,218.45,241.35,218.45,241.35,2,3
7,2021-09-13 09:57:00,241.35,241.35,241.35,241.35,2,4
8,2021-09-13 14:08:00,241.5,241.5,241.5,241.5,1,4
9,2021-09-13 14:11:00,241.5,241.5,241.5,241.5,1,4
10,2021-09-14 09:10:00,230.2,230.2,230.2,230.2,2,2
11,2021-09-14 09:22:00,230.2,253.45,230.2,253.45,2,2
12,2021-09-14 09:23:00,253.45,253.45,231.7,231.7,2,2
13,2021-09-14 09:25:00,231.7,253.45,231.7,253.45,1,3
14,2021-09-14 09:28:00,253.45,253.45,245.05,245.05,2,4
15,2021-09-14 09:29:00,245.05,245.05,235.85,235.85,7,8
16,2021-09-14 09:30:00,235.85,239.0,235.85,239.0,1,8
17,2021-09-14 09:31:00,239.0,239.0,231.4,231.4,1,8
18,2021-09-14 09:32:00,231.4,243.0,231.4,243.0,1,7
19,2021-09-14 09:36:00,243.0,243.0,239.0,239.0,1,7
20,2021-09-14 09:45:00,234.5,234.5,234.5,234.5,1,7
21,2021-09-14 09:49:00,234.5,243.0,234.5,243.0,3,4
22,2021-09-14 09:50:00,243.0,243.0,243.0,243.0,2,3
23,2021-09-14 10:15:00,251.0,251.0,251.0,251.0,2,3
24,2021-09-14 10:40:00,251.7,251.7,251.7,251.7,1,4
25,2021-09-14 10:41:00,251.7,251.7,249.0,249.0,1,3
26,2021-09-14 10:43:00,249.0,249.0,249.0,249.0,1,2
27,2021-09-14 13:44:00,243.5,243.5,236.75,236.75,4,5
28,2021-09-15 09:04:00,235.75,235.75,235.75,235.75,1,5
29,2021-09-15 10:45:00,232.5,232.5,230.1,230.1,3,8
30,2021-09-15 10:46:00,232.45,232.45,232.45,232.45,2,7
31,2021-09-15 10:47:00,232.45,232.45,229.8,229.8,1,8
32,2021-09-15 11:03:00,232.8,232.8,232.8,232.8,1,8
33,2021-09-15 11:30:00,233.8,233.8,233.8,233.8,2,6
34,2021-09-15 13:38:00,229.8,229.8,229.8,229.8,1,6
35,2021-09-15 14:03:00,231.2,231.2,229.8,229.8,2,6
36,2021-09-15 14:14:00,231.9,231.9,231.9,231.9,1,5
37,2021-09-16 09:17:00,223.55,223.55,223.55,223.55,1,5
38,2021-09-16 10:38:00,227.0,227.0,227.0,227.0,1,5
39,2021-09-16 10:39:00,227.0,227.0,222.1,222.1,1,5
40,2021-09-16 10:40:00,222.1,229.55,222.1,229.55,1,4
41,2021-09-16 14:23:00,229.85,242.95,229.85,242.95,4,3
42,2021-09-16 14:26:00,242.95,242.95,234.35,234.35,1,2
43,2021-09-17 13:43:00,244.35,244.35,244.35,244.35,1,2
44,2021-09-22 11:04:00,232.65,232.65,232.65,232.65,1,1
45,2021-09-22 11:09:00,232.65,232.65,232.15,232.15,1,1
46,2021-09-22 14:57:00,232.25,232.25,232.25,232.25,1,2
47,2021-09-23 09:02:00,243.95,243.95,243.95,243.95,1,1
48,2021-09-29 14:47:00,256.0,256.0,256.0,256.0,1,0
,datetime,open,high,low,close,volume,hold
0,2022-03-09 13:35:00,410.6,410.6,410.6,410.6,4,4
1,2022-03-10 09:01:00,390.1,390.1,390.1,390.1,4,0
,datetime,open,high,low,close,volume,hold
0,2022-03-10 09:08:00,451.65,451.65,451.65,451.65,3,3
1,2022-03-10 10:00:00,369.55,369.55,369.55,369.55,3,0
,datetime,open,high,low,close,volume,hold
0,2022-06-22 13:37:00,451.65,451.65,451.65,451.65,1,1
1,2022-06-22 14:03:00,451.65,451.65,451.65,451.65,1,2
2,2022-06-22 14:04:00,451.65,451.65,395.0,395.0,1,2
3,2022-06-22 14:07:00,395.0,395.0,371.2,371.2,1,3
4,2022-06-22 14:20:00,370.05,370.05,370.05,370.05,1,4
5,2022-06-22 14:25:00,370.05,370.1,370.05,370.05,2,5
6,2022-06-22 14:26:00,370.05,433.95,370.05,433.95,1,4
7,2022-06-22 14:33:00,399.0,399.0,399.0,399.0,1,3
8,2022-06-22 14:41:00,399.0,399.0,371.15,371.15,1,3
9,2022-06-22 14:45:00,371.0,371.0,371.0,371.0,1,4
10,2022-06-23 09:01:00,376.1,376.1,376.1,376.1,1,3
11,2022-06-23 09:03:00,389.95,389.95,389.95,389.95,1,2
12,2022-06-23 09:10:00,376.1,376.1,376.1,376.1,1,3
13,2022-06-23 09:13:00,414.8,414.8,414.8,414.8,1,3
14,2022-06-23 09:46:00,376.1,376.1,376.1,376.1,1,3
15,2022-06-23 09:58:00,403.75,403.75,403.75,403.75,1,3
16,2022-06-23 10:02:00,378.6,378.6,378.6,378.6,1,3
17,2022-06-23 10:31:00,378.5,378.5,378.5,378.5,2,3
18,2022-06-27 09:59:00,399.95,399.95,399.95,399.95,3,2
19,2022-06-27 13:39:00,400.0,400.0,400.0,400.0,1,1
20,2022-06-27 14:50:00,400.0,400.0,400.0,400.0,1,0
