,Unnamed: 0,datetime,open,high,low,close,volume,hold,(t+1)-(t),label
9,9.0,2020-03-30 10:01:00,4443.0,4443.0,4443.0,4443.0,1.0,10.0,31.0,0
10,10.0,2020-03-30 10:05:00,4442.0,4442.0,4442.0,4442.0,1.0,10.0,-45.0,0
24,24.0,2020-03-31 13:34:00,4452.0,4452.0,4452.0,4452.0,1.0,7.0,24.0,0
31,31.0,2020-03-31 14:46:00,4497.0,4497.0,4459.0,4459.0,1.0,5.0,25.0,0
78,6.0,2020-05-22 14:34:00,4640.0,4640.0,4640.0,4640.0,4.0,5.0,-84.0,0
124,52.0,2020-06-30 10:53:00,4960.0,4960.0,4960.0,4960.0,2.0,2.0,-140.0,0
133,4.0,2020-04-07 09:05:00,4154.0,4155.0,4074.0,4074.0,1.0,1.0,251.0,0
178,49.0,2020-05-12 10:35:00,4359.0,4359.0,4359.0,4359.0,1.0,4.0,161.0,0
206,77.0,2020-05-20 09:14:00,4422.0,4422.0,4422.0,4422.0,1.0,4.0,78.0,0
239,110.0,2020-06-15 10:01:00,4720.0,4720.0,4720.0,4720.0,1.0,11.0,-20.0,0
251,122.0,2020-06-15 13:31:00,4743.0,4743.0,4743.0,4743.0,1.0,11.0,-40.0,0
252,123.0,2020-06-15 13:36:00,4743.0,4780.0,4743.0,4780.0,1.0,12.0,-21.0,0
273,144.0,2020-06-19 09:57:00,4733.0,4733.0,4733.0,4733.0,2.0,5.0,-5.0,0
316,187.0,2020-06-29 10:38:00,4881.0,4887.0,4827.0,4887.0,8.0,16.0,-16.0,0
328,199.0,2020-06-30 09:29:00,4809.0,4809.0,4809.0,4809.0,1.0,13.0,80.0,0
342,213.0,2020-07-01 09:06:00,4890.0,4890.0,4890.0,4890.0,1.0,7.0,28.0,0
375,246.0,2020-07-15 09:03:00,5150.0,5150.0,5150.0,5150.0,1.0,6.0,-26.0,0
376,247.0,2020-07-15 09:06:00,5150.0,5150.0,5020.0,5140.0,7.0,7.0,198.0,0
377,248.0,2020-07-15 09:07:00,5033.0,5153.0,5033.0,5153.0,2.0,7.0,119.0,0
378,249.0,2020-07-15 09:08:00,5153.0,5153.0,5069.0,5069.0,2.0,8.0,87.0,0
380,251.0,2020-07-15 09:11:00,5121.0,5121.0,5121.0,5121.0,1.0,6.0,144.0,0
381,252.0,2020-07-15 09:12:00,5116.0,5116.0,5067.0,5067.0,2.0,5.0,233.0,0
382,253.0,2020-07-15 09:13:00,5067.0,5124.0,5067.0,5124.0,1.0,5.0,186.0,0
383,254.0,2020-07-15 09:14:00,5125.0,5125.0,5125.0,5125.0,1.0,6.0,198.0,0
385,256.0,2020-07-15 09:16:00,5346.0,5346.0,5338.0,5338.0,6.0,13.0,-19.0,0
386,257.0,2020-07-15 09:17:00,5338.0,5338.0,5161.0,5272.0,10.0,21.0,51.0,0
387,258.0,2020-07-15 09:18:00,5272.0,5272.0,5156.0,5156.0,4.0,21.0,139.0,0
391,262.0,2020-07-15 09:23:00,5300.0,5310.0,5300.0,5310.0,1.0,27.0,-46.0,0
392,263.0,2020-07-15 09:24:00,5310.0,5323.0,5310.0,5323.0,2.0,27.0,-58.0,0
393,264.0,2020-07-15 09:26:00,5323.0,5323.0,5319.0,5319.0,3.0,27.0,-34.0,0
396,267.0,2020-07-15 09:30:00,5295.0,5295.0,5291.0,5291.0,1.0,26.0,-21.0,0
398,269.0,2020-07-15 09:34:00,5264.0,5265.0,5264.0,5265.0,4.0,13.0,44.0,0
399,270.0,2020-07-15 09:35:00,5265.0,5322.0,5265.0,5322.0,4.0,14.0,-47.0,0
400,271.0,2020-07-15 09:36:00,5321.0,5321.0,5285.0,5285.0,2.0,14.0,-10.0,0
401,272.0,2020-07-15 09:40:00,5270.0,5270.0,5270.0,5270.0,1.0,15.0,6.0,0
402,273.0,2020-07-15 09:41:00,5315.0,5315.0,5315.0,5315.0,2.0,15.0,-39.0,0
407,278.0,2020-07-15 09:50:00,5276.0,5276.0,5276.0,5276.0,2.0,17.0,37.0,0
429,300.0,2020-07-15 14:38:00,5291.0,5291.0,5291.0,5291.0,1.0,22.0,-4.0,0
434,305.0,2020-07-16 09:04:00,5320.0,5320.0,5257.0,5257.0,4.0,21.0,15.0,0
445,316.0,2020-07-16 14:21:00,5237.0,5237.0,5237.0,5237.0,2.0,13.0,42.0,0
448,319.0,2020-07-17 14:34:00,5388.0,5388.0,5388.0,5388.0,5.0,9.0,-165.0,0
463,334.0,2020-07-20 14:16:00,5434.0,5494.0,5434.0,5494.0,5.0,16.0,-642.0,-1
488,359.0,2020-07-23 10:47:00,5479.0,5479.0,5466.0,5466.0,2.0,7.0,-72.0,0
492,363.0,2020-07-23 11:12:00,5389.0,5397.0,5389.0,5397.0,2.0,9.0,-17.0,0
510,381.0,2020-08-03 10:48:00,5505.0,5505.0,5505.0,5505.0,1.0,3.0,49.0,0
515,386.0,2020-08-03 13:34:00,5436.0,5436.0,5436.0,5436.0,1.0,3.0,193.0,0
524,395.0,2020-08-05 09:09:00,5303.0,5303.0,5303.0,5303.0,1.0,3.0,418.0,1
536,407.0,2020-08-06 14:25:00,5801.0,5919.0,5801.0,5919.0,1.0,7.0,24.0,0
537,408.0,2020-08-06 14:27:00,5919.0,5919.0,5890.0,5890.0,1.0,8.0,-72.0,0
554,425.0,2020-08-07 09:42:00,6189.0,6189.0,6151.0,6151.0,1.0,12.0,20.0,0
556,427.0,2020-08-07 09:52:00,6171.0,6171.0,6171.0,6171.0,1.0,11.0,-62.0,0
562,433.0,2020-08-07 10:32:00,6108.0,6108.0,6108.0,6108.0,1.0,10.0,-22.0,0
563,434.0,2020-08-07 10:33:00,5880.0,5880.0,5880.0,5880.0,2.0,11.0,8.0,0
564,435.0,2020-08-07 10:34:00,5837.0,5995.0,5657.0,5995.0,16.0,18.0,91.0,0
565,436.0,2020-08-07 10:35:00,5995.0,5995.0,5678.0,5678.0,2.0,17.0,408.0,1
569,440.0,2020-08-07 10:44:00,6086.0,6086.0,6086.0,6086.0,57.0,11.0,-198.0,0
574,445.0,2020-08-07 10:57:00,5888.0,6086.0,5888.0,5888.0,1.0,12.0,37.0,0
575,446.0,2020-08-07 10:58:00,5888.0,5978.0,5888.0,5978.0,2.0,11.0,-92.0,0
579,450.0,2020-08-07 11:13:00,5885.0,5885.0,5885.0,5885.0,1.0,13.0,1.0,0
585,456.0,2020-08-10 09:30:00,5733.0,5954.0,5611.0,5868.0,7.0,8.0,127.0,0
586,457.0,2020-08-10 09:31:00,5867.0,6347.0,5867.0,6329.0,6.0,6.0,-334.0,-1
588,459.0,2020-08-10 09:40:00,5995.0,5995.0,5995.0,5995.0,1.0,6.0,-30.0,0
589,460.0,2020-08-10 09:41:00,5995.0,5995.0,5995.0,5995.0,1.0,5.0,-300.0,0
601,472.0,2020-08-12 09:33:00,6049.0,6049.0,6049.0,6049.0,2.0,4.0,-72.0,0
602,473.0,2020-08-12 09:37:00,6073.0,6073.0,6073.0,6073.0,2.0,4.0,-170.0,0
603,474.0,2020-08-12 09:38:00,6073.0,6073.0,6073.0,6073.0,1.0,5.0,-222.0,0
611,482.0,2020-08-12 09:48:00,5903.0,5903.0,5851.0,5851.0,1.0,10.0,60.0,0
613,484.0,2020-08-12 09:58:00,6084.0,6084.0,5911.0,5911.0,3.0,10.0,85.0,0
616,487.0,2020-08-12 10:36:00,5996.0,5996.0,5981.0,5981.0,1.0,9.0,118.0,0
617,488.0,2020-08-12 10:40:00,6055.0,6055.0,6055.0,6055.0,2.0,8.0,27.0,0
618,489.0,2020-08-12 10:42:00,6055.0,6055.0,6055.0,6055.0,1.0,8.0,-23.0,0
619,490.0,2020-08-12 10:43:00,5991.0,5991.0,5991.0,5991.0,1.0,9.0,46.0,0
620,491.0,2020-08-12 10:44:00,5993.0,5993.0,5993.0,5993.0,1.0,10.0,45.0,0
621,492.0,2020-08-12 10:46:00,5993.0,6099.0,5993.0,6099.0,1.0,11.0,-40.0,0
651,522.0,2020-08-13 09:44:00,6110.0,6110.0,6110.0,6110.0,1.0,9.0,0.0,0
655,526.0,2020-08-13 11:06:00,5925.0,5925.0,5925.0,5925.0,1.0,8.0,5.0,0
662,533.0,2020-08-17 14:05:00,6043.0,6043.0,6043.0,6043.0,1.0,9.0,62.0,0
664,535.0,2020-08-17 14:15:00,6105.0,6105.0,6105.0,6105.0,1.0,9.0,75.0,0
669,540.0,2020-08-18 09:06:00,6200.0,6200.0,6200.0,6200.0,1.0,10.0,-262.0,0
673,544.0,2020-08-18 09:13:00,5919.0,6009.0,5902.0,5902.0,3.0,17.0,-62.0,0
677,548.0,2020-08-18 09:20:00,5811.0,5811.0,5811.0,5811.0,1.0,22.0,3.0,0
680,551.0,2020-08-18 09:32:00,5814.0,5814.0,5814.0,5814.0,1.0,20.0,16.0,0
691,562.0,2020-08-18 10:31:00,5830.0,5830.0,5830.0,5830.0,1.0,19.0,33.0,0
697,568.0,2020-08-18 14:42:00,5741.0,5741.0,5734.0,5734.0,5.0,27.0,-91.0,0
698,569.0,2020-08-18 14:44:00,5700.0,5700.0,5700.0,5700.0,1.0,26.0,-57.0,0
705,576.0,2020-08-19 13:35:00,5430.0,5430.0,5430.0,5430.0,2.0,29.0,-33.0,0
707,578.0,2020-08-19 13:41:00,5500.0,5500.0,5429.0,5429.0,2.0,29.0,49.0,0
709,580.0,2020-08-19 13:46:00,5397.0,5486.0,5391.0,5391.0,2.0,30.0,-15.0,0
716,587.0,2020-08-19 14:16:00,5377.0,5377.0,5377.0,5377.0,1.0,32.0,82.0,0
719,590.0,2020-08-19 14:27:00,5397.0,5397.0,5397.0,5397.0,1.0,31.0,-21.0,0
726,597.0,2020-08-19 14:50:00,5376.0,5410.0,5376.0,5410.0,2.0,34.0,-14.0,0
735,606.0,2020-08-20 09:18:00,5331.0,5331.0,5309.0,5309.0,1.0,33.0,-74.0,0
738,609.0,2020-08-20 09:28:00,5235.0,5235.0,5235.0,5235.0,1.0,34.0,60.0,0
740,611.0,2020-08-20 09:33:00,5213.0,5296.0,5213.0,5296.0,3.0,34.0,5.0,0
741,612.0,2020-08-20 09:35:00,5296.0,5299.0,5295.0,5295.0,2.0,32.0,123.0,0
744,615.0,2020-08-20 09:43:00,5301.0,5301.0,5301.0,5301.0,1.0,28.0,22.0,0
745,616.0,2020-08-20 09:44:00,5301.0,5374.0,5301.0,5302.0,3.0,27.0,21.0,0
746,617.0,2020-08-20 09:45:00,5302.0,5418.0,5302.0,5418.0,3.0,26.0,-68.0,0
747,618.0,2020-08-20 09:46:00,5418.0,5418.0,5303.0,5400.0,3.0,27.0,-50.0,0
773,644.0,2020-08-24 14:32:00,5373.0,5373.0,5373.0,5373.0,3.0,14.0,0.0,0
777,648.0,2020-08-24 14:42:00,5251.0,5373.0,5251.0,5373.0,2.0,14.0,0.0,0
782,653.0,2020-08-25 09:42:00,5512.0,5512.0,5512.0,5512.0,1.0,12.0,82.0,0
783,654.0,2020-08-25 09:44:00,5570.0,5570.0,5570.0,5570.0,1.0,13.0,-139.0,0
788,659.0,2020-08-25 09:53:00,5594.0,5594.0,5594.0,5594.0,1.0,15.0,-126.0,0
792,663.0,2020-08-25 10:03:00,5468.0,5468.0,5468.0,5468.0,1.0,10.0,-3.0,0
795,666.0,2020-08-25 13:31:00,5460.0,5460.0,5407.0,5407.0,1.0,9.0,0.0,0
802,673.0,2020-08-26 10:01:00,5756.0,5756.0,5756.0,5756.0,1.0,4.0,-62.0,0
810,681.0,2020-08-26 14:19:00,5699.0,5699.0,5699.0,5699.0,1.0,12.0,-3.0,0
816,687.0,2020-08-26 14:41:00,5696.0,5696.0,5405.0,5405.0,4.0,7.0,94.0,0
866,16.0,2020-09-03 14:22:00,5713.0,5713.0,5713.0,5713.0,1.0,2.0,-134.0,0
888,38.0,2020-09-23 13:38:00,5500.0,5500.0,5355.0,5355.0,2.0,6.0,147.0,0
889,39.0,2020-09-23 13:48:00,5502.0,5502.0,5502.0,5502.0,1.0,5.0,-77.0,0
893,43.0,2020-09-25 14:03:00,5395.0,5395.0,5395.0,5395.0,1.0,10.0,-95.0,0
896,46.0,2020-09-28 09:01:00,4830.0,5057.0,4830.0,5056.0,8.0,12.0,331.0,1
905,55.0,2020-09-28 09:32:00,5328.0,5328.0,5328.0,5328.0,1.0,8.0,20.0,0
907,57.0,2020-09-28 09:34:00,5348.0,5348.0,5348.0,5348.0,2.0,7.0,0.0,0
943,93.0,2020-10-21 09:05:00,5555.0,5555.0,5555.0,5555.0,1.0,1.0,-172.0,0
978,128.0,2020-10-30 09:20:00,5380.0,5380.0,5380.0,5380.0,3.0,1.0,322.0,1
980,130.0,2020-10-30 09:26:00,6459.0,6479.0,6458.0,6479.0,1.0,1.0,-90.0,0
991,141.0,2020-10-30 13:37:00,5622.0,5622.0,5622.0,5622.0,1.0,2.0,852.0,1
993,143.0,2020-10-30 13:40:00,5695.0,5696.0,5655.0,5655.0,2.0,1.0,-288.0,0
999,149.0,2020-10-30 14:13:00,5481.0,5481.0,5481.0,5481.0,2.0,5.0,654.0,1
1011,3.0,2021-03-11 11:12:00,6231.0,6231.0,6211.0,6211.0,3.0,65.0,-26.0,0
1025,17.0,2021-03-12 09:06:00,6144.0,6165.0,6144.0,6165.0,1.0,78.0,-5.0,0
1035,27.0,2021-03-12 09:48:00,6179.0,6189.0,6179.0,6189.0,3.0,84.0,-2.0,0
1045,37.0,2021-03-15 09:05:00,6096.0,6096.0,6095.0,6095.0,1.0,85.0,-27.0,0
1053,45.0,2021-03-15 09:47:00,5990.0,5990.0,5990.0,5990.0,1.0,85.0,46.0,0
1087,79.0,2021-03-18 09:53:00,5985.0,5985.0,5985.0,5985.0,1.0,80.0,1.0,0
1106,98.0,2021-03-22 09:01:00,6179.0,6179.0,6179.0,6179.0,5.0,83.0,-123.0,0
1107,99.0,2021-03-22 09:04:00,6110.0,6110.0,6110.0,6110.0,1.0,83.0,-80.0,0
1156,148.0,2021-03-26 09:16:00,5951.0,5951.0,5951.0,5951.0,1.0,73.0,-40.0,0
1157,149.0,2021-03-26 09:18:00,5951.0,5951.0,5950.0,5950.0,1.0,73.0,-70.0,0
1158,150.0,2021-03-26 09:19:00,5950.0,5950.0,5950.0,5950.0,1.0,73.0,-119.0,0
1159,151.0,2021-03-26 09:20:00,5950.0,5950.0,5927.0,5927.0,2.0,71.0,-86.0,0
1160,152.0,2021-03-26 09:21:00,5927.0,5935.0,5927.0,5930.0,5.0,74.0,-64.0,0
1164,156.0,2021-03-26 09:26:00,5901.0,5911.0,5900.0,5911.0,5.0,67.0,-108.0,0
1168,160.0,2021-03-26 09:31:00,5841.0,5866.0,5840.0,5866.0,3.0,66.0,-11.0,0
1171,163.0,2021-03-26 09:41:00,5803.0,5855.0,5803.0,5855.0,1.0,61.0,-40.0,0
1189,181.0,2021-03-26 13:36:00,5850.0,5850.0,5850.0,5850.0,1.0,44.0,9.0,0
1191,183.0,2021-03-26 14:09:00,5837.0,5837.0,5837.0,5837.0,1.0,44.0,35.0,0
1210,202.0,2021-03-30 13:56:00,5821.0,5821.0,5820.0,5820.0,3.0,45.0,-60.0,0
1240,232.0,2021-04-01 09:02:00,5825.0,5829.0,5825.0,5829.0,2.0,39.0,5.0,0
1253,245.0,2021-04-01 10:33:00,5858.0,5873.0,5858.0,5873.0,3.0,49.0,-17.0,0
1290,282.0,2021-04-09 09:06:00,5739.0,5739.0,5739.0,5739.0,1.0,47.0,-11.0,0
1293,285.0,2021-04-09 09:16:00,5728.0,5728.0,5728.0,5728.0,1.0,47.0,19.0,0
1337,329.0,2021-04-15 10:01:00,5890.0,5899.0,5890.0,5899.0,1.0,45.0,14.0,0
1344,336.0,2021-04-15 10:43:00,5872.0,5872.0,5872.0,5872.0,1.0,42.0,-11.0,0
1345,337.0,2021-04-15 10:44:00,5872.0,5872.0,5822.0,5822.0,1.0,43.0,12.0,0
1360,352.0,2021-04-16 10:31:00,5781.0,5781.0,5781.0,5781.0,1.0,37.0,38.0,0
1393,385.0,2021-04-22 13:39:00,5810.0,5810.0,5810.0,5810.0,2.0,30.0,0.0,0
1486,478.0,2021-05-13 14:22:00,5694.0,5694.0,5694.0,5694.0,1.0,27.0,15.0,0
1503,495.0,2021-05-14 11:00:00,5748.0,5748.0,5748.0,5748.0,1.0,22.0,42.0,0
1524,516.0,2021-05-20 09:01:00,5838.0,5838.0,5838.0,5838.0,2.0,11.0,110.0,0
1525,517.0,2021-05-20 09:02:00,5838.0,5937.0,5838.0,5910.0,12.0,17.0,57.0,0
1526,518.0,2021-05-20 09:03:00,5910.0,5910.0,5816.0,5816.0,2.0,17.0,168.0,0
1527,519.0,2021-05-20 09:05:00,5816.0,5940.0,5793.0,5909.0,18.0,13.0,-23.0,0
1528,520.0,2021-05-20 09:07:00,5909.0,5909.0,5909.0,5909.0,2.0,14.0,36.0,0
1529,521.0,2021-05-20 09:10:00,5908.0,5908.0,5908.0,5908.0,6.0,16.0,72.0,0
1530,522.0,2021-05-20 09:11:00,5908.0,5948.0,5908.0,5948.0,2.0,17.0,-2.0,0
1535,527.0,2021-05-20 09:18:00,5945.0,5947.0,5945.0,5946.0,4.0,24.0,2.0,0
1542,534.0,2021-05-20 09:51:00,5945.0,5945.0,5911.0,5911.0,4.0,27.0,-10.0,0
1562,554.0,2021-05-21 09:57:00,5871.0,5871.0,5871.0,5871.0,1.0,17.0,37.0,0
1567,559.0,2021-05-21 13:36:00,5867.0,5867.0,5867.0,5867.0,1.0,15.0,-93.0,0
1583,575.0,2021-05-21 14:36:00,5702.0,5705.0,5702.0,5705.0,2.0,21.0,17.0,0
1585,577.0,2021-05-21 14:46:00,5713.0,5722.0,5713.0,5722.0,4.0,18.0,-28.0,0
1592,584.0,2021-05-24 09:13:00,5608.0,5613.0,5608.0,5608.0,12.0,26.0,37.0,0
1598,590.0,2021-05-24 09:36:00,5645.0,5645.0,5612.0,5612.0,3.0,23.0,-37.0,0
1599,591.0,2021-05-24 09:43:00,5612.0,5614.0,5606.0,5606.0,9.0,25.0,-9.0,0
1600,592.0,2021-05-24 09:44:00,5605.0,5606.0,5554.0,5554.0,7.0,27.0,42.0,0
1615,607.0,2021-05-24 10:51:00,5556.0,5556.0,5551.0,5551.0,12.0,25.0,68.0,0
1616,608.0,2021-05-24 10:55:00,5551.0,5564.0,5551.0,5564.0,3.0,25.0,5.0,0
1620,612.0,2021-05-24 11:03:00,5606.0,5619.0,5606.0,5606.0,2.0,24.0,-41.0,0
1621,613.0,2021-05-24 11:04:00,5606.0,5606.0,5567.0,5567.0,4.0,24.0,4.0,0
1645,637.0,2021-05-24 14:39:00,5635.0,5635.0,5635.0,5635.0,3.0,20.0,-75.0,0
1646,638.0,2021-05-24 14:49:00,5560.0,5560.0,5560.0,5560.0,15.0,23.0,8.0,0
1650,642.0,2021-05-25 09:06:00,5596.0,5596.0,5595.0,5596.0,2.0,26.0,13.0,0
1652,644.0,2021-05-25 09:18:00,5610.0,5610.0,5609.0,5610.0,5.0,25.0,3.0,0
1655,647.0,2021-05-25 09:28:00,5613.0,5613.0,5613.0,5613.0,1.0,24.0,85.0,0
1656,648.0,2021-05-25 09:34:00,5620.0,5622.0,5620.0,5622.0,4.0,24.0,108.0,0
1658,650.0,2021-05-25 09:37:00,5654.0,5673.0,5654.0,5673.0,1.0,25.0,-17.0,0
1659,651.0,2021-05-25 09:38:00,5673.0,5698.0,5673.0,5698.0,6.0,29.0,27.0,0
1660,652.0,2021-05-25 09:39:00,5698.0,5698.0,5678.0,5678.0,1.0,28.0,48.0,0
1665,657.0,2021-05-25 09:47:00,5730.0,5730.0,5656.0,5656.0,6.0,36.0,91.0,0
1669,661.0,2021-05-25 09:55:00,5703.0,5769.0,5703.0,5769.0,5.0,35.0,16.0,0
1672,664.0,2021-05-25 10:03:00,5747.0,5790.0,5747.0,5790.0,5.0,38.0,-50.0,0
1673,665.0,2021-05-25 10:04:00,5790.0,5809.0,5790.0,5809.0,2.0,38.0,-52.0,0
1674,666.0,2021-05-25 10:05:00,5809.0,5809.0,5785.0,5785.0,3.0,39.0,-17.0,0
1682,674.0,2021-05-25 10:35:00,5773.0,5773.0,5773.0,5773.0,1.0,38.0,19.0,0
1683,675.0,2021-05-25 10:36:00,5774.0,5789.0,5773.0,5789.0,5.0,41.0,-4.0,0
1684,676.0,2021-05-25 10:37:00,5789.0,5800.0,5789.0,5800.0,10.0,44.0,-30.0,0
1685,677.0,2021-05-25 10:39:00,5800.0,5817.0,5800.0,5817.0,10.0,45.0,-52.0,0
1686,678.0,2021-05-25 10:40:00,5810.0,5817.0,5810.0,5810.0,4.0,47.0,-55.0,0
1692,684.0,2021-05-25 10:48:00,5767.0,5770.0,5767.0,5768.0,14.0,38.0,17.0,0
1694,686.0,2021-05-25 10:50:00,5765.0,5765.0,5755.0,5755.0,2.0,34.0,48.0,0
1699,691.0,2021-05-25 13:32:00,5786.0,5790.0,5786.0,5790.0,6.0,38.0,15.0,0
1700,692.0,2021-05-25 13:33:00,5790.0,5790.0,5790.0,5790.0,2.0,39.0,10.0,0
1701,693.0,2021-05-25 13:34:00,5790.0,5820.0,5786.0,5786.0,6.0,39.0,-6.0,0
1702,694.0,2021-05-25 13:35:00,5790.0,5820.0,5790.0,5820.0,4.0,39.0,-40.0,0
1709,701.0,2021-05-25 13:44:00,5800.0,5800.0,5780.0,5780.0,2.0,34.0,4.0,0
1711,703.0,2021-05-25 13:54:00,5784.0,5784.0,5780.0,5784.0,2.0,30.0,15.0,0
1712,704.0,2021-05-25 13:56:00,5793.0,5793.0,5784.0,5793.0,2.0,31.0,36.0,0
1713,705.0,2021-05-25 13:57:00,5794.0,5794.0,5794.0,5794.0,2.0,31.0,36.0,0
1714,706.0,2021-05-25 13:58:00,5794.0,5830.0,5794.0,5830.0,2.0,32.0,-21.0,0
1715,707.0,2021-05-25 13:59:00,5830.0,5830.0,5795.0,5795.0,2.0,31.0,10.0,0
1716,708.0,2021-05-25 14:00:00,5795.0,5795.0,5757.0,5757.0,4.0,30.0,22.0,0
1717,709.0,2021-05-25 14:01:00,5757.0,5790.0,5757.0,5790.0,4.0,32.0,25.0,0
1718,710.0,2021-05-25 14:03:00,5790.0,5790.0,5776.0,5776.0,2.0,32.0,6.0,0
1720,712.0,2021-05-25 14:05:00,5799.0,5823.0,5799.0,5823.0,4.0,33.0,-30.0,0
1739,731.0,2021-05-26 09:13:00,5784.0,5800.0,5784.0,5800.0,12.0,35.0,-15.0,0
1740,732.0,2021-05-26 09:14:00,5800.0,5838.0,5800.0,5838.0,9.0,38.0,-33.0,0
1741,733.0,2021-05-26 09:15:00,5838.0,5843.0,5838.0,5843.0,36.0,43.0,-38.0,0
1744,736.0,2021-05-26 09:20:00,5801.0,5810.0,5801.0,5801.0,3.0,35.0,4.0,0
1760,752.0,2021-05-26 10:36:00,5840.0,5860.0,5840.0,5860.0,12.0,32.0,-38.0,0
1763,755.0,2021-05-26 10:39:00,5875.0,5875.0,5860.0,5860.0,48.0,40.0,-2.0,0
1764,756.0,2021-05-26 10:40:00,5860.0,5860.0,5850.0,5850.0,29.0,30.0,12.0,0
1765,757.0,2021-05-26 10:41:00,5850.0,5850.0,5850.0,5850.0,1.0,30.0,18.0,0
1766,758.0,2021-05-26 10:46:00,5822.0,5833.0,5822.0,5822.0,5.0,28.0,48.0,0
1767,759.0,2021-05-26 10:49:00,5822.0,5858.0,5822.0,5858.0,3.0,29.0,-6.0,0
1768,760.0,2021-05-26 10:50:00,5858.0,5862.0,5858.0,5862.0,3.0,30.0,-9.0,0
1769,761.0,2021-05-26 10:51:00,5868.0,5868.0,5868.0,5868.0,3.0,31.0,-15.0,0
1772,764.0,2021-05-26 10:57:00,5873.0,5875.0,5873.0,5875.0,39.0,43.0,-40.0,0
1775,767.0,2021-05-26 11:00:00,5852.0,5853.0,5850.0,5853.0,18.0,31.0,-43.0,0
1786,778.0,2021-05-26 13:33:00,5795.0,5799.0,5795.0,5799.0,12.0,26.0,15.0,0
1800,792.0,2021-05-26 14:44:00,5803.0,5803.0,5800.0,5800.0,4.0,27.0,-30.0,0
1802,794.0,2021-05-27 09:47:00,5775.0,5775.0,5775.0,5775.0,1.0,26.0,5.0,0
1805,797.0,2021-05-27 09:52:00,5747.0,5747.0,5746.0,5746.0,1.0,25.0,69.0,0
1807,799.0,2021-05-27 09:57:00,5780.0,5830.0,5780.0,5780.0,3.0,25.0,51.0,0
1808,800.0,2021-05-27 09:58:00,5780.0,5780.0,5780.0,5780.0,1.0,24.0,66.0,0
1809,801.0,2021-05-27 09:59:00,5780.0,5794.0,5780.0,5794.0,1.0,24.0,73.0,0
1811,803.0,2021-05-27 10:05:00,5829.0,5850.0,5805.0,5805.0,4.0,27.0,38.0,0
1828,820.0,2021-05-27 13:39:00,5778.0,5778.0,5778.0,5778.0,1.0,22.0,11.0,0
1832,824.0,2021-05-27 13:45:00,5820.0,5823.0,5805.0,5805.0,4.0,25.0,-49.0,0
1833,825.0,2021-05-27 13:46:00,5800.0,5800.0,5800.0,5800.0,1.0,24.0,-44.0,0
1837,829.0,2021-05-27 13:55:00,5756.0,5756.0,5756.0,5756.0,3.0,28.0,54.0,0
1839,831.0,2021-05-27 13:57:00,5756.0,5757.0,5756.0,5757.0,1.0,24.0,72.0,0
1840,832.0,2021-05-27 13:58:00,5757.0,5779.0,5757.0,5779.0,2.0,25.0,50.0,0
1844,836.0,2021-05-27 14:05:00,5795.0,5810.0,5795.0,5810.0,2.0,26.0,-3.0,0
1854,846.0,2021-05-28 14:30:00,5811.0,5844.0,5811.0,5811.0,3.0,22.0,-48.0,0
1855,847.0,2021-05-28 14:31:00,5811.0,5811.0,5800.0,5800.0,5.0,22.0,-37.0,0
1856,848.0,2021-05-28 14:34:00,5781.0,5800.0,5781.0,5781.0,3.0,23.0,-66.0,0
1857,849.0,2021-05-28 14:39:00,5781.0,5781.0,5776.0,5776.0,9.0,25.0,-48.0,0
1859,851.0,2021-05-28 14:41:00,5763.0,5763.0,5763.0,5763.0,1.0,26.0,-38.0,0
1860,852.0,2021-05-28 14:42:00,5742.0,5763.0,5742.0,5742.0,3.0,27.0,2.0,0
1861,853.0,2021-05-28 14:43:00,5742.0,5742.0,5742.0,5742.0,1.0,27.0,-8.0,0
1862,854.0,2021-05-28 14:44:00,5742.0,5742.0,5715.0,5715.0,8.0,27.0,19.0,0
1863,855.0,2021-05-28 14:45:00,5715.0,5725.0,5715.0,5725.0,20.0,26.0,19.0,0
1864,856.0,2021-05-28 14:46:00,5725.0,5763.0,5725.0,5763.0,12.0,26.0,-15.0,0
1865,857.0,2021-05-28 14:47:00,5763.0,5763.0,5730.0,5730.0,12.0,23.0,35.0,0
1866,858.0,2021-05-28 14:48:00,5730.0,5730.0,5702.0,5702.0,12.0,20.0,64.0,0
1867,859.0,2021-05-28 14:49:00,5728.0,5728.0,5702.0,5728.0,4.0,20.0,38.0,0
1877,869.0,2021-05-31 09:27:00,5816.0,5816.0,5816.0,5816.0,2.0,22.0,25.0,0
1878,870.0,2021-05-31 09:28:00,5816.0,5816.0,5816.0,5816.0,1.0,22.0,48.0,0
1880,872.0,2021-05-31 09:30:00,5816.0,5836.0,5816.0,5836.0,1.0,23.0,-31.0,0
1881,873.0,2021-05-31 09:31:00,5837.0,5837.0,5837.0,5837.0,1.0,24.0,-7.0,0
1882,874.0,2021-05-31 09:32:00,5837.0,5849.0,5837.0,5849.0,3.0,25.0,-9.0,0
1883,875.0,2021-05-31 09:34:00,5849.0,5849.0,5821.0,5821.0,2.0,23.0,39.0,0
1884,876.0,2021-05-31 09:35:00,5850.0,5850.0,5850.0,5850.0,1.0,24.0,6.0,0
1885,877.0,2021-05-31 09:36:00,5850.0,5850.0,5850.0,5850.0,5.0,26.0,-17.0,0
1887,879.0,2021-05-31 09:38:00,5841.0,5864.0,5841.0,5864.0,4.0,26.0,-26.0,0
1896,888.0,2021-05-31 09:49:00,5836.0,5838.0,5821.0,5822.0,10.0,23.0,-12.0,0
1910,902.0,2021-05-31 14:26:00,5805.0,5805.0,5805.0,5805.0,1.0,20.0,-3.0,0
1912,904.0,2021-05-31 14:32:00,5812.0,5812.0,5812.0,5812.0,1.0,20.0,1.0,0
1914,906.0,2021-05-31 14:35:00,5830.0,5830.0,5825.0,5825.0,1.0,20.0,4.0,0
1916,908.0,2021-05-31 14:42:00,5813.0,5813.0,5813.0,5813.0,1.0,20.0,4.0,0
1926,918.0,2021-06-01 09:48:00,5790.0,5790.0,5770.0,5770.0,3.0,24.0,9.0,0
1934,926.0,2021-06-01 13:37:00,5795.0,5796.0,5795.0,5796.0,1.0,21.0,27.0,0
1939,931.0,2021-06-01 13:48:00,5823.0,5826.0,5823.0,5826.0,4.0,25.0,-11.0,0
1961,953.0,2021-06-03 09:45:00,5812.0,5812.0,5810.0,5810.0,3.0,26.0,-29.0,0
1962,954.0,2021-06-03 09:47:00,5828.0,5829.0,5811.0,5811.0,4.0,24.0,-13.0,0
1968,960.0,2021-06-03 09:57:00,5781.0,5798.0,5781.0,5798.0,1.0,12.0,-16.0,0
1971,963.0,2021-06-03 14:45:00,5810.0,5810.0,5810.0,5810.0,1.0,11.0,-12.0,0
1977,969.0,2021-06-04 09:56:00,5820.0,5820.0,5819.0,5819.0,3.0,11.0,17.0,0
1987,979.0,2021-06-07 09:53:00,5802.0,5805.0,5802.0,5805.0,1.0,8.0,-18.0,0
1995,987.0,2021-06-08 09:33:00,5771.0,5771.0,5771.0,5771.0,1.0,7.0,68.0,0
2008,1000.0,2021-06-09 10:05:00,5791.0,5842.0,5791.0,5842.0,2.0,4.0,2.0,0
2023,1015.0,2021-06-29 14:40:00,5134.0,5984.0,5134.0,5984.0,1.0,1.0,-114.0,0
2024,1016.0,2021-06-29 14:44:00,5984.0,5984.0,5324.0,5324.0,1.0,1.0,427.0,1
2027,1019.0,2021-06-30 09:03:00,5960.0,5960.0,5960.0,5960.0,1.0,4.0,-627.0,-1
2071,34.0,2021-06-15 14:30:00,5864.0,5864.0,5864.0,5864.0,1.0,4.0,-61.0,0
2074,37.0,2021-06-15 14:39:00,5783.0,5783.0,5783.0,5783.0,1.0,5.0,-33.0,0
2083,46.0,2021-06-17 11:01:00,5800.0,5800.0,5800.0,5800.0,1.0,4.0,-24.0,0
2096,59.0,2021-06-18 10:04:00,5806.0,5806.0,5806.0,5806.0,1.0,5.0,-16.0,0
2128,91.0,2021-06-29 14:31:00,5839.0,5839.0,5838.0,5838.0,1.0,3.0,62.0,0
2130,93.0,2021-06-29 14:40:00,5870.0,5899.0,5870.0,5899.0,8.0,11.0,-29.0,0
2132,95.0,2021-06-29 14:42:00,5856.0,5856.0,5800.0,5800.0,6.0,5.0,150.0,0
2138,101.0,2021-07-01 14:33:00,5809.0,5809.0,5808.0,5808.0,2.0,3.0,51.0,0
2139,102.0,2021-07-01 14:36:00,5716.0,5716.0,5716.0,5716.0,2.0,3.0,74.0,0
2140,103.0,2021-07-01 14:41:00,5801.0,5899.0,5801.0,5899.0,4.0,7.0,-146.0,0
2169,132.0,2021-07-06 13:42:00,5755.0,5755.0,5755.0,5755.0,1.0,7.0,26.0,0
2173,136.0,2021-07-06 13:47:00,5820.0,5820.0,5820.0,5820.0,1.0,8.0,-43.0,0
2178,141.0,2021-07-06 14:18:00,5777.0,5777.0,5777.0,5777.0,1.0,9.0,-36.0,0
2179,142.0,2021-07-06 14:19:00,5777.0,5777.0,5762.0,5762.0,1.0,10.0,7.0,0
2195,158.0,2021-07-08 09:47:00,5777.0,5777.0,5777.0,5777.0,1.0,5.0,2.0,0
2205,168.0,2021-07-08 13:56:00,5722.0,5722.0,5722.0,5722.0,1.0,7.0,55.0,0
2217,180.0,2021-07-12 09:16:00,5791.0,5791.0,5791.0,5791.0,1.0,7.0,-21.0,0
2227,190.0,2021-07-13 09:06:00,5750.0,5750.0,5750.0,5750.0,1.0,5.0,-7.0,0
2231,194.0,2021-07-13 10:47:00,5774.0,5783.0,5774.0,5783.0,2.0,7.0,65.0,0
2235,198.0,2021-07-13 10:53:00,5815.0,5815.0,5815.0,5815.0,1.0,14.0,12.0,0
2236,199.0,2021-07-13 10:55:00,5815.0,5831.0,5815.0,5831.0,1.0,15.0,1.0,0
2237,200.0,2021-07-13 10:57:00,5831.0,5848.0,5831.0,5848.0,1.0,16.0,-22.0,0
2238,201.0,2021-07-13 10:58:00,5848.0,5862.0,5848.0,5862.0,1.0,17.0,-41.0,0
2241,204.0,2021-07-13 11:05:00,5830.0,5832.0,5767.0,5832.0,36.0,18.0,-28.0,0
2242,205.0,2021-07-13 11:06:00,5832.0,5832.0,5830.0,5830.0,2.0,18.0,-29.0,0
2250,213.0,2021-07-13 14:24:00,5809.0,5837.0,5809.0,5837.0,3.0,11.0,-57.0,0
2276,239.0,2021-07-14 10:33:00,5767.0,5767.0,5767.0,5767.0,9.0,18.0,47.0,0
2277,240.0,2021-07-14 10:34:00,5793.0,5793.0,5793.0,5793.0,1.0,18.0,-13.0,0
2279,242.0,2021-07-14 10:43:00,5799.0,5814.0,5799.0,5814.0,1.0,19.0,1.0,0
2280,243.0,2021-07-14 10:44:00,5780.0,5780.0,5780.0,5780.0,1.0,18.0,32.0,0
2291,254.0,2021-07-14 14:47:00,5815.0,5829.0,5815.0,5829.0,2.0,11.0,-8.0,0
2302,265.0,2021-07-15 09:22:00,5798.0,5799.0,5798.0,5799.0,2.0,13.0,21.0,0
2303,266.0,2021-07-15 09:24:00,5799.0,5802.0,5799.0,5802.0,1.0,13.0,21.0,0
2322,285.0,2021-07-15 14:26:00,5818.0,5832.0,5817.0,5832.0,4.0,13.0,2.0,0
2323,286.0,2021-07-15 14:27:00,5832.0,5832.0,5806.0,5806.0,1.0,13.0,16.0,0
2346,309.0,2021-07-19 09:59:00,5818.0,5821.0,5818.0,5821.0,3.0,18.0,-15.0,0
2356,319.0,2021-07-19 14:35:00,5806.0,5823.0,5806.0,5823.0,3.0,15.0,-25.0,0
2357,320.0,2021-07-19 14:36:00,5822.0,5822.0,5822.0,5822.0,1.0,15.0,-20.0,0
2360,323.0,2021-07-19 14:39:00,5808.0,5808.0,5808.0,5808.0,1.0,17.0,6.0,0
2369,332.0,2021-07-20 09:24:00,5793.0,5798.0,5793.0,5798.0,2.0,17.0,2.0,0
2381,344.0,2021-07-20 13:53:00,5807.0,5807.0,5807.0,5807.0,1.0,18.0,6.0,0
2382,345.0,2021-07-20 13:54:00,5807.0,5807.0,5797.0,5797.0,7.0,18.0,22.0,0
2391,354.0,2021-07-21 09:31:00,5823.0,5823.0,5823.0,5823.0,2.0,20.0,4.0,0
2396,359.0,2021-07-21 11:01:00,5823.0,5833.0,5823.0,5833.0,2.0,14.0,-15.0,0
2406,369.0,2021-07-22 13:33:00,5824.0,5824.0,5824.0,5824.0,1.0,17.0,5.0,0
2407,370.0,2021-07-22 13:35:00,5828.0,5828.0,5828.0,5828.0,1.0,18.0,9.0,0
2418,381.0,2021-07-22 14:40:00,5815.0,5815.0,5815.0,5815.0,1.0,9.0,-11.0,0
2421,384.0,2021-07-23 09:12:00,5828.0,5828.0,5797.0,5797.0,6.0,9.0,23.0,0
2422,385.0,2021-07-23 09:13:00,5821.0,5822.0,5821.0,5822.0,4.0,11.0,-2.0,0
2424,387.0,2021-07-23 09:19:00,5820.0,5820.0,5819.0,5819.0,2.0,11.0,-8.0,0
2425,388.0,2021-07-23 09:21:00,5825.0,5825.0,5825.0,5825.0,5.0,12.0,-53.0,0
2432,395.0,2021-07-23 13:47:00,5785.0,5785.0,5785.0,5785.0,5.0,17.0,25.0,0
2440,403.0,2021-07-26 10:45:00,5818.0,5818.0,5818.0,5818.0,1.0,17.0,16.0,0
2441,404.0,2021-07-26 10:50:00,5826.0,5826.0,5826.0,5826.0,1.0,18.0,19.0,0
2442,405.0,2021-07-26 10:51:00,5827.0,5829.0,5827.0,5829.0,2.0,20.0,16.0,0
2445,408.0,2021-07-26 10:54:00,5839.0,5839.0,5826.0,5826.0,1.0,23.0,22.0,0
2446,409.0,2021-07-26 10:55:00,5826.0,5834.0,5826.0,5834.0,1.0,24.0,7.0,0
2448,411.0,2021-07-26 10:57:00,5837.0,5837.0,5837.0,5837.0,1.0,25.0,3.0,0
2460,423.0,2021-07-27 09:06:00,5812.0,5812.0,5812.0,5812.0,3.0,13.0,8.0,0
2461,424.0,2021-07-27 09:08:00,5834.0,5834.0,5834.0,5834.0,3.0,13.0,-18.0,0
2462,425.0,2021-07-27 09:10:00,6088.0,6088.0,6088.0,6088.0,5.0,18.0,-188.0,0
2488,451.0,2021-08-03 09:40:00,5860.0,5860.0,5860.0,5860.0,1.0,13.0,19.0,0
2521,484.0,2021-08-05 09:44:00,6134.0,6134.0,6100.0,6100.0,1.0,20.0,69.0,0
2522,485.0,2021-08-05 09:46:00,6135.0,6135.0,6135.0,6135.0,1.0,20.0,62.0,0
2523,486.0,2021-08-05 09:54:00,6169.0,6169.0,6169.0,6169.0,1.0,21.0,280.0,0
2524,487.0,2021-08-05 09:55:00,6169.0,6181.0,6169.0,6181.0,1.0,21.0,192.0,0
2525,488.0,2021-08-05 09:56:00,6181.0,6197.0,6110.0,6197.0,3.0,20.0,179.0,0
2526,489.0,2021-08-05 09:59:00,6197.0,6210.0,6197.0,6210.0,1.0,21.0,192.0,0
2527,490.0,2021-08-05 10:00:00,6210.0,6250.0,6210.0,6250.0,6.0,27.0,150.0,0
2528,491.0,2021-08-05 10:01:00,6250.0,6279.0,6250.0,6279.0,2.0,29.0,121.0,0
2529,492.0,2021-08-05 10:02:00,6279.0,6290.0,6279.0,6290.0,6.0,34.0,110.0,0
2530,493.0,2021-08-05 10:03:00,6300.0,6540.0,6300.0,6480.0,24.0,55.0,-80.0,0
2531,494.0,2021-08-05 10:04:00,6533.0,6533.0,6449.0,6449.0,9.0,60.0,-64.0,0
2532,495.0,2021-08-05 10:05:00,6449.0,6449.0,6366.0,6373.0,15.0,59.0,2.0,0
2543,506.0,2021-08-05 10:31:00,6375.0,6375.0,6368.0,6375.0,3.0,66.0,-11.0,0
2544,507.0,2021-08-05 10:33:00,6368.0,6368.0,6366.0,6366.0,3.0,67.0,-11.0,0
2545,508.0,2021-08-05 10:34:00,6366.0,6375.0,6366.0,6375.0,5.0,67.0,-20.0,0
2546,509.0,2021-08-05 10:35:00,6375.0,6385.0,6375.0,6385.0,8.0,69.0,-32.0,0
2547,510.0,2021-08-05 10:37:00,6385.0,6385.0,6381.0,6381.0,2.0,70.0,-44.0,0
2555,518.0,2021-08-05 10:46:00,6341.0,6341.0,6341.0,6341.0,1.0,85.0,-21.0,0
2556,519.0,2021-08-05 10:47:00,6341.0,6341.0,6337.0,6337.0,1.0,85.0,-45.0,0
2557,520.0,2021-08-05 10:56:00,6320.0,6320.0,6320.0,6320.0,1.0,85.0,0.0,0
2558,521.0,2021-08-05 10:57:00,6300.0,6319.0,6292.0,6292.0,3.0,84.0,28.0,0
2560,523.0,2021-08-05 10:59:00,6293.0,6293.0,6283.0,6283.0,18.0,91.0,66.0,0
2561,524.0,2021-08-05 11:00:00,6283.0,6283.0,6283.0,6283.0,3.0,91.0,42.0,0
2562,525.0,2021-08-05 11:01:00,6283.0,6303.0,6283.0,6303.0,3.0,92.0,-3.0,0
2563,526.0,2021-08-05 11:02:00,6303.0,6320.0,6303.0,6320.0,1.0,92.0,9.0,0
2565,528.0,2021-08-05 11:07:00,6320.0,6320.0,6320.0,6320.0,2.0,92.0,5.0,0
2568,531.0,2021-08-05 11:11:00,6337.0,6337.0,6300.0,6300.0,4.0,93.0,20.0,0
2569,532.0,2021-08-05 11:12:00,6300.0,6329.0,6300.0,6329.0,3.0,94.0,-27.0,0
2570,533.0,2021-08-05 11:13:00,6329.0,6329.0,6329.0,6329.0,3.0,97.0,-27.0,0
2579,542.0,2021-08-05 13:36:00,6281.0,6320.0,6281.0,6320.0,2.0,97.0,-20.0,0
2580,543.0,2021-08-05 13:37:00,6320.0,6340.0,6320.0,6340.0,10.0,105.0,-40.0,0
2583,546.0,2021-08-05 13:41:00,6340.0,6343.0,6340.0,6343.0,2.0,114.0,-43.0,0
2584,547.0,2021-08-05 13:43:00,6326.0,6326.0,6326.0,6326.0,1.0,113.0,-46.0,0
2585,548.0,2021-08-05 13:44:00,6326.0,6326.0,6305.0,6305.0,2.0,113.0,-25.0,0
2588,551.0,2021-08-05 13:51:00,6300.0,6300.0,6300.0,6300.0,2.0,116.0,-1.0,0
2591,554.0,2021-08-05 13:54:00,6280.0,6280.0,6280.0,6280.0,1.0,107.0,19.0,0
2593,556.0,2021-08-05 14:01:00,6299.0,6299.0,6299.0,6299.0,1.0,106.0,0.0,0
2594,557.0,2021-08-05 14:04:00,6299.0,6299.0,6299.0,6299.0,1.0,106.0,-24.0,0
2605,568.0,2021-08-05 14:46:00,6281.0,6297.0,6281.0,6297.0,11.0,122.0,-11.0,0
2606,569.0,2021-08-05 14:47:00,6297.0,6320.0,6297.0,6320.0,5.0,126.0,-10.0,0
2607,570.0,2021-08-05 14:48:00,6320.0,6320.0,6292.0,6292.0,3.0,124.0,-7.0,0
2616,579.0,2021-08-06 09:07:00,6239.0,6239.0,6112.0,6112.0,8.0,129.0,77.0,0
2617,580.0,2021-08-06 09:08:00,6112.0,6170.0,6112.0,6132.0,3.0,129.0,57.0,0
2618,581.0,2021-08-06 09:10:00,6168.0,6189.0,6168.0,6189.0,3.0,128.0,1.0,0
2619,582.0,2021-08-06 09:12:00,6189.0,6189.0,6189.0,6189.0,1.0,129.0,1.0,0
2627,590.0,2021-08-06 09:40:00,6180.0,6180.0,6180.0,6180.0,1.0,128.0,25.0,0
2630,593.0,2021-08-06 09:46:00,6201.0,6227.0,6201.0,6227.0,2.0,128.0,-24.0,0
2631,594.0,2021-08-06 09:50:00,6205.0,6205.0,6205.0,6205.0,1.0,128.0,0.0,0
2645,608.0,2021-08-06 13:36:00,6215.0,6215.0,6202.0,6202.0,2.0,130.0,21.0,0
2649,612.0,2021-08-06 13:44:00,6203.0,6203.0,6203.0,6203.0,3.0,140.0,-3.0,0
2652,615.0,2021-08-06 13:54:00,6200.0,6200.0,6200.0,6200.0,10.0,142.0,14.0,0
2656,619.0,2021-08-06 14:08:00,6200.0,6200.0,6183.0,6183.0,1.0,145.0,-43.0,0
2669,632.0,2021-08-09 09:38:00,6151.0,6151.0,6151.0,6151.0,1.0,149.0,20.0,0
2692,655.0,2021-08-10 09:46:00,6040.0,6040.0,6040.0,6040.0,4.0,156.0,0.0,0
2694,657.0,2021-08-10 09:49:00,6074.0,6074.0,6074.0,6074.0,4.0,155.0,-114.0,0
2698,661.0,2021-08-10 09:57:00,6040.0,6040.0,6000.0,6000.0,4.0,151.0,10.0,0
2703,666.0,2021-08-10 10:33:00,6009.0,6009.0,6009.0,6009.0,1.0,153.0,-49.0,0
2705,668.0,2021-08-10 10:35:00,5985.0,6003.0,5985.0,6003.0,1.0,153.0,-43.0,0
2707,670.0,2021-08-10 10:37:00,6006.0,6006.0,5985.0,5985.0,4.0,152.0,-15.0,0
2708,671.0,2021-08-10 10:38:00,5962.0,5962.0,5962.0,5962.0,2.0,152.0,-2.0,0
2709,672.0,2021-08-10 10:39:00,5962.0,6004.0,5962.0,6004.0,6.0,158.0,-53.0,0
2710,673.0,2021-08-10 10:40:00,5960.0,5960.0,5960.0,5960.0,5.0,158.0,-7.0,0
2711,674.0,2021-08-10 10:41:00,5960.0,6000.0,5960.0,6000.0,4.0,160.0,-47.0,0
2714,677.0,2021-08-10 10:45:00,5960.0,5966.0,5960.0,5960.0,8.0,161.0,-22.0,0
2715,678.0,2021-08-10 10:47:00,5969.0,5970.0,5969.0,5970.0,2.0,160.0,-61.0,0
2716,679.0,2021-08-10 10:48:00,5961.0,5961.0,5960.0,5960.0,2.0,161.0,-60.0,0
2717,680.0,2021-08-10 10:49:00,5960.0,5989.0,5951.0,5951.0,3.0,161.0,-101.0,0
2718,681.0,2021-08-10 10:50:00,5951.0,5953.0,5951.0,5953.0,1.0,160.0,-103.0,0
2719,682.0,2021-08-10 10:51:00,5953.0,5953.0,5953.0,5953.0,1.0,160.0,-119.0,0
2720,683.0,2021-08-10 10:54:00,5922.0,5938.0,5922.0,5938.0,2.0,160.0,-75.0,0
2721,684.0,2021-08-10 10:55:00,5938.0,5938.0,5938.0,5938.0,2.0,160.0,-61.0,0
2722,685.0,2021-08-10 10:57:00,5910.0,5910.0,5909.0,5909.0,3.0,160.0,-41.0,0
2723,686.0,2021-08-10 10:58:00,5902.0,5910.0,5900.0,5900.0,20.0,142.0,-51.0,0
2724,687.0,2021-08-10 10:59:00,5900.0,5900.0,5844.0,5850.0,9.0,140.0,15.0,0
2729,692.0,2021-08-10 11:07:00,5918.0,5918.0,5849.0,5868.0,9.0,142.0,-52.0,0
2730,693.0,2021-08-10 11:08:00,5868.0,5868.0,5849.0,5849.0,2.0,141.0,-31.0,0
2731,694.0,2021-08-10 11:09:00,5865.0,5865.0,5865.0,5865.0,1.0,141.0,-62.0,0
2732,695.0,2021-08-10 11:13:00,5880.0,5880.0,5849.0,5849.0,4.0,141.0,-118.0,0
2733,696.0,2021-08-10 11:17:00,5822.0,5822.0,5816.0,5816.0,3.0,144.0,-52.0,0
2734,697.0,2021-08-10 11:18:00,5818.0,5818.0,5818.0,5818.0,1.0,145.0,-46.0,0
2735,698.0,2021-08-10 11:19:00,5818.0,5818.0,5803.0,5803.0,5.0,150.0,-3.0,0
2736,699.0,2021-08-10 11:20:00,5803.0,5803.0,5793.0,5793.0,16.0,153.0,17.0,0
2746,709.0,2021-08-10 13:31:00,5810.0,5818.0,5810.0,5810.0,6.0,139.0,5.0,0
2751,714.0,2021-08-10 13:37:00,5800.0,5800.0,5800.0,5800.0,1.0,133.0,-5.0,0
2755,718.0,2021-08-10 13:46:00,5800.0,5800.0,5800.0,5800.0,1.0,132.0,19.0,0
2756,719.0,2021-08-10 13:47:00,5795.0,5795.0,5795.0,5795.0,1.0,132.0,7.0,0
2758,721.0,2021-08-10 13:53:00,5780.0,5780.0,5751.0,5771.0,7.0,134.0,30.0,0
2760,723.0,2021-08-10 13:55:00,5790.0,5820.0,5790.0,5820.0,7.0,134.0,-6.0,0
2761,724.0,2021-08-10 13:56:00,5820.0,5820.0,5819.0,5819.0,1.0,134.0,-3.0,0
2763,726.0,2021-08-10 14:01:00,5820.0,5820.0,5820.0,5820.0,1.0,134.0,-20.0,0
2766,729.0,2021-08-10 14:05:00,5801.0,5814.0,5801.0,5814.0,1.0,134.0,-29.0,0
2768,731.0,2021-08-10 14:08:00,5801.0,5801.0,5800.0,5800.0,2.0,135.0,-10.0,0
2769,732.0,2021-08-10 14:09:00,5814.0,5814.0,5814.0,5814.0,2.0,136.0,-30.0,0
2771,734.0,2021-08-10 14:11:00,5814.0,5814.0,5800.0,5800.0,5.0,139.0,0.0,0
2778,741.0,2021-08-10 14:33:00,5804.0,5804.0,5804.0,5804.0,1.0,135.0,-4.0,0
2779,742.0,2021-08-10 14:34:00,5790.0,5790.0,5790.0,5790.0,1.0,134.0,-5.0,0
2780,743.0,2021-08-10 14:35:00,5790.0,5805.0,5790.0,5805.0,1.0,135.0,-20.0,0
2781,744.0,2021-08-10 14:40:00,5795.0,5795.0,5795.0,5795.0,1.0,135.0,-15.0,0
2782,745.0,2021-08-10 14:43:00,5800.0,5800.0,5800.0,5800.0,1.0,135.0,-13.0,0
2783,746.0,2021-08-10 14:44:00,5800.0,5800.0,5785.0,5785.0,1.0,134.0,-22.0,0
2784,747.0,2021-08-10 14:45:00,5785.0,5785.0,5771.0,5785.0,6.0,135.0,5.0,0
2788,751.0,2021-08-10 14:50:00,5797.0,5797.0,5780.0,5780.0,2.0,127.0,-19.0,0
2794,757.0,2021-08-11 09:01:00,5761.0,5850.0,5740.0,5829.0,6.0,122.0,-21.0,0
2795,758.0,2021-08-11 09:02:00,5829.0,5829.0,5782.0,5782.0,1.0,121.0,19.0,0
2796,759.0,2021-08-11 09:05:00,5785.0,5785.0,5785.0,5785.0,1.0,122.0,27.0,0
2797,760.0,2021-08-11 09:06:00,5784.0,5784.0,5784.0,5784.0,1.0,123.0,34.0,0
2798,761.0,2021-08-11 09:07:00,5784.0,5784.0,5765.0,5783.0,2.0,124.0,37.0,0
2810,773.0,2021-08-11 09:30:00,5800.0,5800.0,5800.0,5800.0,2.0,98.0,-10.0,0
2812,775.0,2021-08-11 09:40:00,5790.0,5790.0,5790.0,5790.0,1.0,98.0,15.0,0
2820,783.0,2021-08-11 10:48:00,5810.0,5810.0,5785.0,5785.0,3.0,94.0,-25.0,0
2836,799.0,2021-08-11 14:12:00,5827.0,5827.0,5827.0,5827.0,1.0,83.0,-27.0,0
2838,801.0,2021-08-11 14:23:00,5800.0,5800.0,5800.0,5800.0,1.0,81.0,9.0,0
2839,802.0,2021-08-11 14:24:00,5799.0,5799.0,5799.0,5799.0,1.0,82.0,30.0,0
2842,805.0,2021-08-11 14:36:00,5829.0,5829.0,5794.0,5794.0,2.0,82.0,9.0,0
2847,810.0,2021-08-12 09:10:00,5770.0,5791.0,5770.0,5791.0,1.0,83.0,29.0,0
2849,812.0,2021-08-12 09:19:00,5819.0,5819.0,5819.0,5819.0,1.0,83.0,33.0,0
2853,816.0,2021-08-12 09:23:00,5842.0,5869.0,5842.0,5869.0,1.0,81.0,8.0,0
2854,817.0,2021-08-12 09:24:00,5870.0,5909.0,5870.0,5909.0,7.0,77.0,-14.0,0
2860,823.0,2021-08-12 09:45:00,5900.0,5908.0,5900.0,5908.0,2.0,72.0,-11.0,0
2865,828.0,2021-08-12 09:57:00,5897.0,5897.0,5897.0,5897.0,3.0,67.0,17.0,0
2873,836.0,2021-08-13 09:01:00,5830.0,5830.0,5822.0,5822.0,2.0,61.0,108.0,0
2882,845.0,2021-08-16 09:01:00,5946.0,5946.0,5946.0,5946.0,1.0,57.0,10.0,0
2886,849.0,2021-08-16 09:11:00,5956.0,5956.0,5956.0,5956.0,1.0,54.0,-2.0,0
2917,880.0,2021-08-18 13:49:00,6099.0,6099.0,5836.0,5836.0,1.0,22.0,27.0,0
2918,881.0,2021-08-18 13:51:00,5836.0,5896.0,5836.0,5894.0,3.0,20.0,106.0,0
2924,887.0,2021-08-18 14:42:00,6049.0,6049.0,6026.0,6026.0,2.0,24.0,-11.0,0
2925,888.0,2021-08-18 14:43:00,6026.0,6030.0,6026.0,6030.0,1.0,24.0,-19.0,0
2931,894.0,2021-08-19 09:36:00,6063.0,6063.0,6063.0,6063.0,1.0,24.0,86.0,0
2950,913.0,2021-08-19 11:05:00,6175.0,6175.0,6157.0,6157.0,1.0,26.0,-8.0,0
2961,924.0,2021-08-20 09:07:00,5930.0,5978.0,5930.0,5975.0,3.0,28.0,75.0,0
2965,928.0,2021-08-20 09:20:00,6047.0,6047.0,6047.0,6047.0,2.0,29.0,60.0,0
2974,937.0,2021-08-23 09:01:00,6174.0,6174.0,6174.0,6174.0,2.0,29.0,18.0,0
2978,941.0,2021-08-23 09:06:00,6170.0,6174.0,6170.0,6174.0,1.0,35.0,11.0,0
2990,953.0,2021-08-23 13:56:00,6005.0,6005.0,6005.0,6005.0,1.0,38.0,-150.0,0
3031,994.0,2021-08-31 09:40:00,6296.0,6468.0,6296.0,6468.0,2.0,9.0,-361.0,-1
3045,0.0,2021-08-11 10:47:00,4800.0,4800.0,4800.0,4800.0,2.0,2.0,930.0,1
3046,1.0,2021-08-11 10:51:00,5600.0,5600.0,5600.0,5600.0,2.0,0.0,152.0,0
3056,11.0,2021-09-07 13:52:00,6161.0,6161.0,6121.0,6121.0,1.0,6.0,-21.0,0
3074,29.0,2021-09-09 11:12:00,6160.0,6161.0,6051.0,6051.0,5.0,4.0,5.0,0
3104,59.0,2021-09-23 14:39:00,6150.0,6150.0,6148.0,6148.0,1.0,4.0,-68.0,0
3105,60.0,2021-09-23 14:40:00,6148.0,6148.0,6146.0,6146.0,1.0,5.0,3.0,0
3107,62.0,2021-09-23 14:42:00,6146.0,6150.0,6146.0,6150.0,1.0,7.0,-57.0,0
3109,64.0,2021-09-23 14:44:00,6073.0,6073.0,6073.0,6073.0,1.0,7.0,12.0,0
3118,73.0,2021-09-24 14:36:00,6160.0,6160.0,6160.0,6160.0,2.0,6.0,11.0,0
3119,74.0,2021-09-24 14:37:00,6160.0,6160.0,6160.0,6160.0,3.0,9.0,-40.0,0
3133,88.0,2021-09-27 09:53:00,6156.0,6156.0,6156.0,6156.0,2.0,11.0,-95.0,0
3143,98.0,2021-09-28 10:49:00,6071.0,6071.0,6071.0,6071.0,5.0,12.0,29.0,0
3144,99.0,2021-09-28 10:52:00,6070.0,6070.0,6070.0,6070.0,1.0,11.0,49.0,0
3169,124.0,2021-10-11 09:55:00,6291.0,6291.0,6291.0,6291.0,1.0,6.0,119.0,0
3170,125.0,2021-10-11 09:59:00,6291.0,6291.0,6289.0,6290.0,2.0,8.0,119.0,0
3186,141.0,2021-10-12 09:10:00,6514.0,6514.0,6514.0,6514.0,1.0,15.0,49.0,0
3187,142.0,2021-10-12 09:13:00,6501.0,6501.0,6501.0,6501.0,1.0,15.0,51.0,0
3233,188.0,2021-10-19 14:25:00,6265.0,6265.0,6265.0,6265.0,1.0,6.0,131.0,0
3253,208.0,2021-10-27 10:46:00,6888.0,6888.0,6888.0,6888.0,1.0,8.0,-88.0,0
3273,228.0,2021-10-28 09:31:00,6588.0,6620.0,6588.0,6620.0,4.0,4.0,-1.0,0
3280,235.0,2021-10-28 13:54:00,6689.0,6986.0,6689.0,6986.0,1.0,5.0,-298.0,0
3305,4.0,2021-10-15 09:29:00,6250.0,6250.0,6250.0,6250.0,1.0,2.0,150.0,0
3323,22.0,2021-11-30 11:15:00,6449.0,6449.0,6449.0,6449.0,1.0,2.0,-45.0,0
3329,28.0,2022-03-11 10:56:00,6585.0,6585.0,6585.0,6585.0,1.0,3.0,15.0,0
3331,30.0,2022-03-11 11:10:00,6323.0,6323.0,6029.0,6029.0,1.0,1.0,442.0,1
3338,3.0,2021-10-13 09:13:00,6169.0,6169.0,6169.0,6169.0,1.0,1.0,190.0,0
3346,11.0,2021-10-27 10:52:00,6465.0,6465.0,6465.0,6465.0,1.0,4.0,135.0,0
3347,12.0,2021-10-28 10:02:00,6325.0,6325.0,6325.0,6325.0,1.0,4.0,4.0,0
3375,40.0,2021-11-04 14:00:00,6512.0,6513.0,6512.0,6513.0,2.0,9.0,31.0,0
3376,41.0,2021-11-04 14:01:00,6513.0,6530.0,6513.0,6530.0,1.0,9.0,15.0,0
3389,54.0,2021-11-08 09:54:00,6403.0,6445.0,6403.0,6445.0,1.0,4.0,0.0,0
3390,55.0,2021-11-08 09:57:00,6445.0,6445.0,6445.0,6445.0,1.0,5.0,35.0,0
3413,78.0,2021-11-12 14:37:00,6478.0,6478.0,6477.0,6477.0,2.0,9.0,-12.0,0
3415,80.0,2021-11-15 09:51:00,6401.0,6402.0,6401.0,6402.0,2.0,9.0,49.0,0
3436,101.0,2021-11-25 11:09:00,6455.0,6460.0,6455.0,6460.0,2.0,18.0,-45.0,0
3446,111.0,2021-11-29 14:34:00,6424.0,6424.0,6403.0,6403.0,1.0,13.0,1.0,0
3476,141.0,2021-12-03 14:47:00,6425.0,6425.0,6417.0,6417.0,2.0,12.0,8.0,0
3493,158.0,2021-12-09 09:08:00,6325.0,6358.0,6325.0,6358.0,3.0,11.0,0.0,0
3506,171.0,2021-12-10 13:38:00,6316.0,6316.0,6316.0,6316.0,1.0,11.0,24.0,0
3518,183.0,2021-12-13 10:57:00,6291.0,6291.0,6228.0,6269.0,3.0,14.0,16.0,0
3524,189.0,2021-12-13 14:17:00,6251.0,6251.0,6251.0,6251.0,1.0,13.0,-5.0,0
3530,195.0,2021-12-13 14:40:00,6219.0,6219.0,6219.0,6219.0,1.0,16.0,-118.0,0
3531,196.0,2021-12-13 14:46:00,6219.0,6230.0,6219.0,6230.0,1.0,15.0,-244.0,0
3532,197.0,2021-12-13 14:47:00,6240.0,6240.0,6240.0,6240.0,1.0,14.0,-219.0,0
3534,199.0,2021-12-13 14:49:00,6182.0,6182.0,6086.0,6101.0,9.0,23.0,-78.0,0
3535,200.0,2021-12-13 14:50:00,6101.0,6101.0,6089.0,6101.0,2.0,24.0,-81.0,0
3544,209.0,2021-12-14 09:02:00,5880.0,5958.0,5840.0,5939.0,5.0,34.0,-61.0,0
3547,212.0,2021-12-14 09:05:00,5844.0,5844.0,5844.0,5844.0,2.0,31.0,57.0,0
3549,214.0,2021-12-14 09:09:00,5854.0,5854.0,5854.0,5854.0,1.0,30.0,46.0,0
3551,216.0,2021-12-14 09:11:00,5888.0,5990.0,5888.0,5900.0,8.0,26.0,0.0,0
3572,237.0,2021-12-14 13:54:00,5825.0,5825.0,5783.0,5783.0,1.0,31.0,27.0,0
3577,242.0,2021-12-14 14:01:00,5822.0,5822.0,5822.0,5822.0,4.0,33.0,-50.0,0
3578,243.0,2021-12-14 14:03:00,5822.0,5822.0,5770.0,5805.0,2.0,32.0,-32.0,0
3579,244.0,2021-12-14 14:04:00,5805.0,5810.0,5805.0,5810.0,1.0,32.0,-38.0,0
3580,245.0,2021-12-14 14:10:00,5781.0,5781.0,5770.0,5770.0,3.0,33.0,-5.0,0
3581,246.0,2021-12-14 14:11:00,5770.0,5790.0,5770.0,5772.0,2.0,33.0,-13.0,0
3582,247.0,2021-12-14 14:13:00,5772.0,5773.0,5772.0,5773.0,1.0,34.0,-18.0,0
3586,251.0,2021-12-14 14:17:00,5800.0,5828.0,5780.0,5780.0,5.0,32.0,-51.0,0
3587,252.0,2021-12-14 14:18:00,5780.0,5828.0,5780.0,5792.0,6.0,28.0,-66.0,0
3589,254.0,2021-12-14 14:20:00,5775.0,5775.0,5765.0,5765.0,5.0,35.0,-40.0,0
3591,256.0,2021-12-14 14:22:00,5756.0,5756.0,5756.0,5756.0,1.0,38.0,-46.0,0
3594,259.0,2021-12-14 14:28:00,5729.0,5729.0,5726.0,5726.0,3.0,44.0,-17.0,0
3598,263.0,2021-12-14 14:38:00,5710.0,5710.0,5709.0,5709.0,1.0,47.0,50.0,0
3600,265.0,2021-12-14 14:43:00,5721.0,5721.0,5721.0,5721.0,4.0,44.0,4.0,0
3601,266.0,2021-12-14 14:45:00,5722.0,5722.0,5722.0,5722.0,1.0,43.0,-19.0,0
3603,268.0,2021-12-14 14:48:00,5735.0,5759.0,5735.0,5759.0,2.0,41.0,-41.0,0
3615,280.0,2021-12-15 09:07:00,5679.0,5685.0,5679.0,5685.0,1.0,49.0,62.0,0
3616,281.0,2021-12-15 09:08:00,5685.0,5708.0,5685.0,5708.0,3.0,47.0,31.0,0
3620,285.0,2021-12-15 09:19:00,5739.0,5739.0,5739.0,5739.0,1.0,46.0,-20.0,0
3621,286.0,2021-12-15 09:20:00,5739.0,5739.0,5708.0,5708.0,1.0,47.0,21.0,0
3626,291.0,2021-12-15 09:44:00,5730.0,5730.0,5730.0,5730.0,1.0,46.0,-83.0,0
3627,292.0,2021-12-15 09:52:00,5723.0,5723.0,5723.0,5723.0,1.0,45.0,-15.0,0
3628,293.0,2021-12-15 09:53:00,5708.0,5708.0,5680.0,5680.0,7.0,50.0,54.0,0
3629,294.0,2021-12-15 09:54:00,5680.0,5680.0,5647.0,5647.0,1.0,49.0,90.0,0
3631,296.0,2021-12-15 10:02:00,5679.0,5708.0,5679.0,5708.0,2.0,50.0,11.0,0
3643,308.0,2021-12-15 11:03:00,5702.0,5702.0,5702.0,5702.0,1.0,46.0,2.0,0
3645,310.0,2021-12-15 11:13:00,5704.0,5704.0,5704.0,5704.0,1.0,48.0,4.0,0
3650,315.0,2021-12-15 13:43:00,5702.0,5702.0,5702.0,5702.0,1.0,48.0,-36.0,0
3651,316.0,2021-12-15 13:48:00,5686.0,5686.0,5686.0,5686.0,1.0,47.0,6.0,0
3657,322.0,2021-12-15 14:10:00,5702.0,5702.0,5702.0,5702.0,1.0,46.0,24.0,0
3671,336.0,2021-12-16 09:08:00,5752.0,5753.0,5752.0,5753.0,2.0,39.0,3.0,0
3699,364.0,2021-12-17 14:26:00,5859.0,5859.0,5859.0,5859.0,1.0,24.0,41.0,0
3703,368.0,2021-12-17 14:36:00,5900.0,5900.0,5900.0,5900.0,1.0,23.0,60.0,0
3710,375.0,2021-12-20 09:03:00,5926.0,5926.0,5926.0,5926.0,2.0,16.0,74.0,0
3728,393.0,2021-12-21 09:30:00,5992.0,5992.0,5991.0,5991.0,2.0,19.0,-7.0,0
3751,416.0,2021-12-22 13:44:00,5894.0,5894.0,5872.0,5872.0,1.0,13.0,27.0,0
3780,445.0,2021-12-30 14:35:00,5939.0,5939.0,5939.0,5939.0,1.0,9.0,0.0,0
3818,483.0,2022-02-25 10:47:00,6180.0,6180.0,6180.0,6180.0,3.0,10.0,-198.0,0
3825,490.0,2022-03-08 10:57:00,6152.0,6153.0,6152.0,6153.0,2.0,7.0,-46.0,0
3834,499.0,2022-03-11 10:56:00,6299.0,6380.0,6299.0,6380.0,6.0,21.0,220.0,0
3839,504.0,2022-03-11 11:10:00,6414.0,6414.0,6414.0,6414.0,2.0,24.0,57.0,0
3840,505.0,2022-03-11 11:13:00,6414.0,6595.0,6414.0,6595.0,1.0,25.0,-124.0,0
3843,508.0,2022-03-11 11:20:00,6471.0,6471.0,6471.0,6471.0,1.0,25.0,-26.0,0
3850,515.0,2022-03-11 13:37:00,6416.0,6416.0,6416.0,6416.0,1.0,23.0,24.0,0
3853,518.0,2022-03-11 13:49:00,6440.0,6524.0,6440.0,6524.0,1.0,24.0,16.0,0
3858,523.0,2022-03-11 14:06:00,6430.0,6430.0,6430.0,6430.0,3.0,26.0,0.0,0
3862,527.0,2022-03-11 14:35:00,6447.0,6447.0,6390.0,6390.0,1.0,28.0,-8.0,0
3863,528.0,2022-03-11 14:36:00,6390.0,6450.0,6390.0,6450.0,1.0,28.0,-5.0,0
3864,529.0,2022-03-11 14:37:00,6382.0,6440.0,6382.0,6440.0,3.0,29.0,3.0,0
3865,530.0,2022-03-11 14:44:00,6440.0,6450.0,6440.0,6450.0,1.0,30.0,-80.0,0
3877,542.0,2022-03-14 09:13:00,6341.0,6341.0,6341.0,6341.0,1.0,11.0,15.0,0
3911,576.0,2022-03-16 11:03:00,6248.0,6248.0,6248.0,6248.0,1.0,15.0,39.0,0
3916,581.0,2022-03-18 09:12:00,6320.0,6320.0,6320.0,6320.0,1.0,15.0,-31.0,0
3933,598.0,2022-03-23 14:13:00,6361.0,6361.0,6361.0,6361.0,1.0,16.0,-58.0,0
3990,4.0,2022-07-06 11:19:00,6315.0,6315.0,6308.0,6308.0,2.0,137.0,0.0,0
3993,7.0,2022-07-06 13:31:00,6308.0,6322.0,6308.0,6322.0,1.0,136.0,-75.0,0
3994,8.0,2022-07-06 13:32:00,6322.0,6322.0,6305.0,6305.0,4.0,139.0,-82.0,0
3995,9.0,2022-07-06 13:33:00,6305.0,6326.0,6305.0,6326.0,3.0,140.0,-118.0,0
3996,10.0,2022-07-06 13:34:00,6326.0,6334.0,6326.0,6334.0,2.0,140.0,-111.0,0
3997,11.0,2022-07-06 13:36:00,6334.0,6334.0,6261.0,6310.0,10.0,143.0,-90.0,0
3998,12.0,2022-07-06 13:37:00,6310.0,6310.0,6233.0,6235.0,2.0,143.0,11.0,0
3999,13.0,2022-07-06 13:38:00,6235.0,6235.0,6235.0,6235.0,1.0,143.0,-45.0,0
4000,14.0,2022-07-06 13:39:00,6235.0,6279.0,6200.0,6279.0,6.0,145.0,-89.0,0
4002,16.0,2022-07-06 13:41:00,6233.0,6247.0,6233.0,6247.0,3.0,142.0,-57.0,0
4004,18.0,2022-07-06 13:43:00,6223.0,6223.0,6208.0,6208.0,3.0,144.0,-10.0,0
4005,19.0,2022-07-06 13:44:00,6208.0,6223.0,6190.0,6223.0,2.0,144.0,-52.0,0
4009,23.0,2022-07-06 13:48:00,6246.0,6246.0,6190.0,6190.0,3.0,143.0,6.0,0
4014,28.0,2022-07-06 13:58:00,6171.0,6196.0,6162.0,6196.0,3.0,145.0,-26.0,0
4017,31.0,2022-07-06 14:10:00,6170.0,6211.0,6170.0,6211.0,1.0,143.0,4.0,0
4023,37.0,2022-07-06 14:32:00,6239.0,6239.0,6239.0,6239.0,1.0,144.0,76.0,0
4024,38.0,2022-07-06 14:33:00,6239.0,6246.0,6239.0,6246.0,2.0,145.0,112.0,0
4026,40.0,2022-07-06 14:35:00,6264.0,6290.0,6264.0,6290.0,3.0,143.0,50.0,0
4027,41.0,2022-07-06 14:36:00,6290.0,6294.0,6290.0,6294.0,1.0,143.0,46.0,0
4028,42.0,2022-07-06 14:37:00,6294.0,6294.0,6264.0,6264.0,1.0,143.0,77.0,0
4031,45.0,2022-07-06 14:42:00,6290.0,6315.0,6290.0,6315.0,1.0,143.0,-14.0,0
4032,46.0,2022-07-06 14:43:00,6315.0,6358.0,6315.0,6358.0,1.0,143.0,-68.0,0
4033,47.0,2022-07-06 14:45:00,6340.0,6340.0,6340.0,6340.0,1.0,143.0,5.0,0
4043,57.0,2022-07-07 09:02:00,6268.0,6303.0,6268.0,6303.0,2.0,142.0,-63.0,0
4045,59.0,2022-07-07 09:05:00,6288.0,6288.0,6282.0,6282.0,2.0,141.0,-106.0,0
4046,60.0,2022-07-07 09:06:00,6282.0,6282.0,6270.0,6270.0,1.0,141.0,-88.0,0
4047,61.0,2022-07-07 09:08:00,6270.0,6270.0,6270.0,6270.0,1.0,142.0,-89.0,0
4048,62.0,2022-07-07 09:09:00,6270.0,6270.0,6239.0,6239.0,2.0,143.0,-29.0,0
4049,63.0,2022-07-07 09:10:00,6246.0,6267.0,6240.0,6267.0,4.0,143.0,-63.0,0
4051,65.0,2022-07-07 09:15:00,6240.0,6240.0,6176.0,6176.0,3.0,146.0,36.0,0
4052,66.0,2022-07-07 09:16:00,6182.0,6182.0,6182.0,6182.0,1.0,147.0,31.0,0
4053,67.0,2022-07-07 09:17:00,6182.0,6182.0,6182.0,6182.0,1.0,147.0,31.0,0
4055,69.0,2022-07-07 09:19:00,6181.0,6210.0,6181.0,6210.0,5.0,146.0,-20.0,0
4056,70.0,2022-07-07 09:20:00,6210.0,6210.0,6204.0,6204.0,1.0,146.0,8.0,0
4060,74.0,2022-07-07 09:27:00,6213.0,6214.0,6196.0,6213.0,5.0,145.0,-1.0,0
4064,78.0,2022-07-07 09:38:00,6214.0,6214.0,6214.0,6214.0,2.0,149.0,0.0,0
4069,83.0,2022-07-07 10:00:00,6249.0,6249.0,6249.0,6249.0,4.0,147.0,21.0,0
4075,89.0,2022-07-07 10:36:00,6285.0,6285.0,6285.0,6285.0,1.0,150.0,-7.0,0
4076,90.0,2022-07-07 10:40:00,6293.0,6293.0,6293.0,6293.0,1.0,150.0,-1.0,0
4077,91.0,2022-07-07 10:46:00,6278.0,6278.0,6278.0,6278.0,1.0,149.0,59.0,0
4081,95.0,2022-07-07 10:53:00,6379.0,6379.0,6379.0,6379.0,1.0,146.0,-20.0,0
4082,96.0,2022-07-07 10:54:00,6379.0,6379.0,6334.0,6334.0,1.0,146.0,11.0,0
4084,98.0,2022-07-07 10:56:00,6367.0,6367.0,6337.0,6337.0,2.0,146.0,9.0,0
4086,100.0,2022-07-07 11:01:00,6359.0,6359.0,6345.0,6345.0,1.0,145.0,60.0,0
4089,103.0,2022-07-07 11:06:00,6345.0,6430.0,6345.0,6346.0,4.0,145.0,73.0,0
4093,107.0,2022-07-07 11:11:00,6381.0,6405.0,6381.0,6405.0,1.0,145.0,9.0,0
4094,108.0,2022-07-07 11:15:00,6419.0,6419.0,6419.0,6419.0,2.0,144.0,-44.0,0
4095,109.0,2022-07-07 11:16:00,6419.0,6419.0,6419.0,6419.0,1.0,144.0,-18.0,0
4102,116.0,2022-07-07 13:45:00,6392.0,6392.0,6363.0,6363.0,2.0,142.0,-15.0,0
4106,120.0,2022-07-07 14:01:00,6363.0,6363.0,6352.0,6352.0,1.0,144.0,25.0,0
4113,127.0,2022-07-07 14:45:00,6354.0,6354.0,6354.0,6354.0,1.0,143.0,-23.0,0
4119,133.0,2022-07-08 09:01:00,6440.0,6460.0,6405.0,6405.0,7.0,144.0,3.0,0
4120,134.0,2022-07-08 09:02:00,6405.0,6405.0,6390.0,6390.0,5.0,145.0,49.0,0
4125,139.0,2022-07-08 09:07:00,6425.0,6425.0,6375.0,6419.0,2.0,143.0,39.0,0
4126,140.0,2022-07-08 09:08:00,6419.0,6419.0,6385.0,6385.0,2.0,144.0,57.0,0
4132,146.0,2022-07-08 09:32:00,6442.0,6442.0,6421.0,6421.0,3.0,145.0,-9.0,0
4136,150.0,2022-07-08 09:51:00,6408.0,6408.0,6408.0,6408.0,1.0,143.0,-8.0,0
4142,156.0,2022-07-08 10:51:00,6405.0,6405.0,6405.0,6405.0,1.0,142.0,-4.0,0
4145,159.0,2022-07-08 13:33:00,6393.0,6393.0,6393.0,6393.0,1.0,142.0,-12.0,0
4147,161.0,2022-07-08 13:43:00,6388.0,6388.0,6381.0,6381.0,1.0,144.0,-3.0,0
4155,169.0,2022-07-08 14:14:00,6356.0,6358.0,6317.0,6355.0,5.0,146.0,-24.0,0
4156,170.0,2022-07-08 14:23:00,6340.0,6340.0,6340.0,6340.0,1.0,146.0,-28.0,0
4168,182.0,2022-07-11 09:01:00,6435.0,6435.0,6435.0,6435.0,6.0,143.0,-96.0,0
4169,183.0,2022-07-11 09:02:00,6435.0,6435.0,6424.0,6424.0,2.0,142.0,-89.0,0
4175,189.0,2022-07-11 09:12:00,6339.0,6339.0,6335.0,6335.0,2.0,146.0,34.0,0
4176,190.0,2022-07-11 09:18:00,6354.0,6354.0,6354.0,6354.0,1.0,145.0,328.0,1
4178,192.0,2022-07-11 09:22:00,6375.0,6375.0,6355.0,6369.0,2.0,145.0,-36.0,0
4181,195.0,2022-07-11 09:32:00,6352.0,6352.0,6333.0,6333.0,2.0,144.0,31.0,0
4186,200.0,2022-07-11 10:31:00,6344.0,6344.0,6344.0,6344.0,1.0,142.0,-42.0,0
4192,206.0,2022-07-11 11:20:00,6316.0,6316.0,6312.0,6312.0,1.0,144.0,14.0,0
4198,212.0,2022-07-11 13:37:00,6311.0,6311.0,6311.0,6311.0,1.0,144.0,-11.0,0
4200,214.0,2022-07-11 13:47:00,6300.0,6300.0,6300.0,6300.0,1.0,144.0,-15.0,0
4202,216.0,2022-07-11 13:54:00,6288.0,6338.0,6288.0,6338.0,2.0,144.0,-38.0,0
4209,223.0,2022-07-11 14:50:00,6338.0,6338.0,6338.0,6338.0,1.0,143.0,1.0,0
4217,231.0,2022-07-12 09:56:00,6350.0,6350.0,6350.0,6350.0,2.0,141.0,-14.0,0
4224,238.0,2022-07-12 10:46:00,6345.0,6352.0,6337.0,6337.0,2.0,141.0,8.0,0
4225,239.0,2022-07-12 10:47:00,6337.0,6352.0,6337.0,6352.0,3.0,141.0,-10.0,0
4227,241.0,2022-07-12 10:57:00,6342.0,6342.0,6342.0,6342.0,1.0,141.0,1.0,0
4244,258.0,2022-07-12 14:50:00,6345.0,6355.0,6345.0,6355.0,1.0,141.0,-19.0,0
4250,264.0,2022-07-13 09:02:00,6321.0,6321.0,6320.0,6321.0,4.0,143.0,-35.0,0
4251,265.0,2022-07-13 09:03:00,6321.0,6321.0,6285.0,6289.0,15.0,144.0,-13.0,0
4252,266.0,2022-07-13 09:04:00,6289.0,6310.0,6285.0,6303.0,13.0,141.0,-33.0,0
4253,267.0,2022-07-13 09:05:00,6303.0,6303.0,6251.0,6251.0,5.0,141.0,29.0,0
4254,268.0,2022-07-13 09:06:00,6251.0,6251.0,6226.0,6232.0,8.0,146.0,38.0,0
4257,271.0,2022-07-13 09:09:00,6265.0,6287.0,6251.0,6251.0,6.0,146.0,24.0,0
4258,272.0,2022-07-13 09:10:00,6254.0,6254.0,6254.0,6254.0,2.0,147.0,21.0,0
4259,273.0,2022-07-13 09:12:00,6254.0,6286.0,6254.0,6286.0,6.0,145.0,-11.0,0
4265,279.0,2022-07-13 09:20:00,6275.0,6275.0,6275.0,6275.0,1.0,145.0,11.0,0
4266,280.0,2022-07-13 09:22:00,6275.0,6275.0,6275.0,6275.0,1.0,146.0,55.0,0
4269,283.0,2022-07-13 09:32:00,6328.0,6330.0,6328.0,6330.0,5.0,144.0,56.0,0
4270,284.0,2022-07-13 09:34:00,6339.0,6339.0,6339.0,6339.0,1.0,144.0,26.0,0
4271,285.0,2022-07-13 09:39:00,6339.0,6339.0,6339.0,6339.0,1.0,144.0,3.0,0
4272,286.0,2022-07-13 09:42:00,6350.0,6386.0,6350.0,6386.0,4.0,142.0,-44.0,0
4278,292.0,2022-07-13 09:52:00,6340.0,6342.0,6340.0,6342.0,5.0,142.0,-19.0,0
4290,304.0,2022-07-13 13:34:00,6280.0,6280.0,6280.0,6280.0,3.0,143.0,-11.0,0
4292,306.0,2022-07-13 13:39:00,6303.0,6303.0,6303.0,6303.0,1.0,143.0,-53.0,0
4297,311.0,2022-07-13 13:44:00,6257.0,6269.0,6257.0,6269.0,1.0,144.0,-11.0,0
4301,315.0,2022-07-13 13:55:00,6258.0,6258.0,6251.0,6251.0,1.0,144.0,57.0,0
4302,316.0,2022-07-13 13:57:00,6257.0,6257.0,6257.0,6257.0,2.0,142.0,23.0,0
4306,320.0,2022-07-13 14:07:00,6295.0,6295.0,6280.0,6280.0,5.0,141.0,-30.0,0
4307,321.0,2022-07-13 14:08:00,6270.0,6270.0,6270.0,6270.0,1.0,141.0,-20.0,0
4310,324.0,2022-07-13 14:17:00,6261.0,6261.0,6250.0,6250.0,3.0,145.0,30.0,0
4311,325.0,2022-07-13 14:18:00,6250.0,6250.0,6250.0,6250.0,2.0,145.0,12.0,0
4314,328.0,2022-07-13 14:28:00,6280.0,6280.0,6262.0,6262.0,3.0,144.0,48.0,0
4316,330.0,2022-07-13 14:36:00,6277.0,6277.0,6277.0,6277.0,1.0,143.0,11.0,0
4317,331.0,2022-07-13 14:38:00,6277.0,6310.0,6277.0,6310.0,10.0,143.0,-30.0,0
4318,332.0,2022-07-13 14:39:00,6310.0,6331.0,6310.0,6331.0,1.0,143.0,-21.0,0
4327,341.0,2022-07-14 09:05:00,6390.0,6390.0,6390.0,6390.0,6.0,144.0,-22.0,0
4330,344.0,2022-07-14 09:38:00,6394.0,6394.0,6394.0,6394.0,2.0,142.0,4.0,0
4336,350.0,2022-07-14 10:37:00,6425.0,6425.0,6425.0,6425.0,1.0,142.0,10.0,0
4351,365.0,2022-07-14 13:58:00,6449.0,6449.0,6445.0,6445.0,1.0,141.0,-9.0,0
4352,366.0,2022-07-14 14:02:00,6445.0,6445.0,6440.0,6440.0,1.0,141.0,-36.0,0
4357,371.0,2022-07-14 14:25:00,6394.0,6394.0,6347.0,6347.0,4.0,144.0,14.0,0
4358,372.0,2022-07-14 14:26:00,6325.0,6325.0,6325.0,6325.0,1.0,145.0,20.0,0
4360,374.0,2022-07-14 14:35:00,6361.0,6361.0,6361.0,6361.0,1.0,147.0,-9.0,0
4370,384.0,2022-07-15 09:39:00,6351.0,6351.0,6351.0,6351.0,1.0,146.0,41.0,0
4372,386.0,2022-07-15 09:49:00,6370.0,6392.0,6370.0,6392.0,2.0,143.0,648.0,1
4384,398.0,2022-07-15 13:39:00,6435.0,6435.0,6435.0,6435.0,1.0,141.0,5.0,0
4385,399.0,2022-07-15 13:49:00,6440.0,6440.0,6440.0,6440.0,1.0,141.0,1.0,0
4389,403.0,2022-07-15 13:59:00,6434.0,6441.0,6434.0,6441.0,1.0,140.0,-19.0,0
4397,411.0,2022-07-15 14:36:00,6435.0,6435.0,6431.0,6431.0,2.0,141.0,-76.0,0
4398,412.0,2022-07-15 14:38:00,6431.0,6431.0,6425.0,6425.0,1.0,141.0,-66.0,0
4407,421.0,2022-07-18 09:03:00,6450.0,6450.0,6405.0,6405.0,8.0,140.0,21.0,0
4415,429.0,2022-07-18 09:37:00,6461.0,6461.0,6461.0,6461.0,2.0,145.0,-46.0,0
4416,430.0,2022-07-18 09:38:00,6448.0,6448.0,6447.0,6447.0,2.0,145.0,-112.0,0
4417,431.0,2022-07-18 09:44:00,6447.0,6447.0,6430.0,6430.0,2.0,145.0,-56.0,0
4418,432.0,2022-07-18 09:47:00,6416.0,6416.0,6415.0,6415.0,2.0,145.0,-35.0,0
4422,436.0,2022-07-18 09:51:00,6385.0,6385.0,6385.0,6385.0,1.0,159.0,-10.0,0
4423,437.0,2022-07-18 09:52:00,6385.0,6385.0,6365.0,6365.0,1.0,159.0,1.0,0
4424,438.0,2022-07-18 09:53:00,6365.0,6372.0,6356.0,6372.0,2.0,160.0,-11.0,0
4425,439.0,2022-07-18 09:54:00,6372.0,6374.0,6372.0,6374.0,1.0,159.0,-2.0,0
4426,440.0,2022-07-18 09:55:00,6374.0,6394.0,6374.0,6394.0,4.0,155.0,-22.0,0
4427,441.0,2022-07-18 09:56:00,6394.0,6410.0,6371.0,6371.0,4.0,152.0,-6.0,0
4428,442.0,2022-07-18 09:57:00,6371.0,6380.0,6371.0,6380.0,2.0,151.0,-5.0,0
4431,445.0,2022-07-18 10:03:00,6366.0,6366.0,6361.0,6361.0,1.0,151.0,7.0,0
4443,457.0,2022-07-18 11:19:00,6387.0,6387.0,6387.0,6387.0,1.0,143.0,59.0,0
4455,469.0,2022-07-18 13:58:00,6448.0,6448.0,6442.0,6442.0,3.0,153.0,-7.0,0
4461,475.0,2022-07-18 14:47:00,6448.0,6448.0,6448.0,6448.0,1.0,154.0,-22.0,0
4471,485.0,2022-07-19 13:32:00,6381.0,6381.0,6381.0,6381.0,1.0,154.0,-8.0,0
4480,494.0,2022-07-19 14:48:00,6405.0,6405.0,6405.0,6405.0,1.0,152.0,-5.0,0
4488,502.0,2022-07-20 09:37:00,6380.0,6380.0,6380.0,6380.0,1.0,153.0,27.0,0
4507,521.0,2022-07-21 09:47:00,6437.0,6443.0,6437.0,6443.0,1.0,151.0,-15.0,0
4523,537.0,2022-07-22 09:03:00,6398.0,6398.0,6370.0,6370.0,3.0,145.0,153.0,0
4524,538.0,2022-07-22 09:04:00,6360.0,6360.0,6346.0,6346.0,2.0,147.0,49.0,0
4529,543.0,2022-07-22 09:22:00,6381.0,6381.0,6381.0,6381.0,1.0,144.0,36.0,0
4550,564.0,2022-07-22 13:48:00,6415.0,6415.0,6415.0,6415.0,2.0,141.0,-20.0,0
4553,567.0,2022-07-22 14:31:00,6400.0,6400.0,6400.0,6400.0,1.0,143.0,-5.0,0
4556,570.0,2022-07-22 14:41:00,6395.0,6395.0,6394.0,6395.0,3.0,141.0,2.0,0
4557,571.0,2022-07-22 14:44:00,6395.0,6405.0,6395.0,6405.0,2.0,140.0,-10.0,0
4558,572.0,2022-07-22 14:45:00,6405.0,6405.0,6398.0,6398.0,1.0,141.0,-4.0,0
4559,573.0,2022-07-22 14:47:00,6405.0,6405.0,6405.0,6405.0,1.0,140.0,-10.0,0
4575,589.0,2022-07-26 09:18:00,6464.0,6464.0,6464.0,6464.0,1.0,139.0,-16.0,0
4581,595.0,2022-07-26 09:52:00,6444.0,6464.0,6430.0,6430.0,4.0,137.0,36.0,0
4583,597.0,2022-07-26 10:01:00,6465.0,6465.0,6465.0,6465.0,1.0,136.0,-30.0,0
4584,598.0,2022-07-26 10:02:00,6466.0,6466.0,6466.0,6466.0,1.0,136.0,-8.0,0
4585,599.0,2022-07-26 10:04:00,6445.0,6445.0,6445.0,6445.0,2.0,137.0,11.0,0
4639,653.0,2022-07-29 09:17:00,6560.0,6560.0,6560.0,6560.0,1.0,130.0,-15.0,0
4640,654.0,2022-07-29 09:18:00,6560.0,6560.0,6549.0,6549.0,1.0,131.0,-4.0,0
4641,655.0,2022-07-29 09:20:00,6549.0,6549.0,6549.0,6549.0,1.0,131.0,41.0,0
4655,669.0,2022-07-29 14:05:00,6594.0,6594.0,6593.0,6593.0,2.0,138.0,1.0,0
4678,692.0,2022-08-01 11:01:00,6633.0,6653.0,6633.0,6652.0,2.0,143.0,-20.0,0
4682,696.0,2022-08-01 11:18:00,6630.0,6630.0,6629.0,6629.0,1.0,143.0,-1.0,0
4688,702.0,2022-08-01 13:48:00,6634.0,6634.0,6634.0,6634.0,1.0,142.0,-5.0,0
4703,717.0,2022-08-02 11:12:00,6540.0,6540.0,6540.0,6540.0,1.0,140.0,30.0,0
4731,745.0,2022-08-04 09:18:00,6575.0,6585.0,6575.0,6585.0,1.0,127.0,5.0,0
4737,751.0,2022-08-04 13:33:00,6578.0,6578.0,6578.0,6578.0,1.0,127.0,-78.0,0
4741,755.0,2022-08-04 14:41:00,6500.0,6500.0,6500.0,6500.0,1.0,122.0,-23.0,0
4776,790.0,2022-08-10 09:22:00,6520.0,6520.0,6520.0,6520.0,1.0,116.0,20.0,0
4785,799.0,2022-08-10 13:56:00,6539.0,6540.0,6539.0,6540.0,2.0,116.0,-14.0,0
4799,813.0,2022-08-11 10:42:00,6536.0,6536.0,6534.0,6534.0,1.0,114.0,4.0,0
4807,821.0,2022-08-11 14:15:00,6539.0,6539.0,6539.0,6539.0,1.0,111.0,1.0,0
4810,824.0,2022-08-11 14:50:00,6540.0,6540.0,6540.0,6540.0,1.0,108.0,1.0,0
4848,862.0,2022-08-17 09:47:00,6431.0,6431.0,6431.0,6431.0,1.0,78.0,1.0,0
4851,865.0,2022-08-17 10:00:00,6421.0,6421.0,6421.0,6421.0,1.0,80.0,-49.0,0
4860,874.0,2022-08-17 10:59:00,6420.0,6420.0,6420.0,6420.0,1.0,54.0,25.0,0
4884,898.0,2022-08-19 11:01:00,6351.0,6400.0,6351.0,6400.0,2.0,57.0,-50.0,0
4927,941.0,2022-08-24 14:41:00,6550.0,6550.0,6540.0,6541.0,3.0,36.0,-13.0,0
4983,997.0,2022-08-31 09:04:00,6458.0,6655.0,6458.0,6458.0,6.0,7.0,-185.0,0
4984,998.0,2022-08-31 09:05:00,6458.0,6498.0,6243.0,6498.0,2.0,7.0,-104.0,0
5003,1017.0,2022-08-31 14:19:00,6536.0,6595.0,6536.0,6595.0,1.0,4.0,25.0,0
5034,24.0,2022-09-30 14:08:00,5657.0,6564.0,5657.0,6564.0,6.0,4.0,-874.0,-1
5041,31.0,2022-10-14 09:44:00,5667.0,5667.0,5667.0,5667.0,6.0,6.0,265.0,0
5047,37.0,2022-10-14 10:02:00,6120.0,6120.0,6120.0,6120.0,1.0,13.0,0.0,0
5053,43.0,2022-10-14 14:39:00,6259.0,6259.0,6259.0,6259.0,2.0,3.0,-568.0,-1
5121,60.0,2022-09-20 10:35:00,6051.0,6051.0,6051.0,6051.0,1.0,7.0,-12.0,0
5127,66.0,2022-09-21 14:47:00,6110.0,6179.0,6110.0,6179.0,3.0,5.0,-19.0,0
5139,78.0,2022-09-22 14:24:00,6184.0,6184.0,6184.0,6184.0,1.0,9.0,-14.0,0
5155,94.0,2022-09-27 10:45:00,6039.0,6039.0,6039.0,6039.0,1.0,8.0,-4.0,0
5156,95.0,2022-09-27 10:55:00,6039.0,6040.0,6035.0,6035.0,2.0,9.0,2.0,0
5158,97.0,2022-09-27 11:05:00,6037.0,6037.0,6037.0,6037.0,1.0,10.0,12.0,0
5169,108.0,2022-09-27 14:09:00,5994.0,5994.0,5946.0,5946.0,1.0,12.0,-11.0,0
5170,109.0,2022-09-27 14:10:00,5946.0,5946.0,5936.0,5936.0,2.0,14.0,33.0,0
5179,118.0,2022-09-27 14:44:00,5991.0,5991.0,5991.0,5991.0,2.0,14.0,-17.0,0
5194,133.0,2022-09-29 10:51:00,5847.0,5870.0,5847.0,5870.0,3.0,18.0,4.0,0
5221,160.0,2022-09-30 13:42:00,5717.0,5718.0,5717.0,5718.0,2.0,23.0,-29.0,0
5223,162.0,2022-09-30 13:54:00,5725.0,5725.0,5645.0,5645.0,3.0,25.0,21.0,0
5224,163.0,2022-09-30 14:04:00,5645.0,5666.0,5645.0,5666.0,1.0,26.0,186.0,0
5227,166.0,2022-09-30 14:47:00,5675.0,5710.0,5675.0,5710.0,2.0,26.0,1.0,0
5235,174.0,2022-10-11 09:04:00,5650.0,5790.0,5650.0,5790.0,6.0,24.0,-219.0,0
5236,175.0,2022-10-11 09:05:00,5816.0,5816.0,5713.0,5713.0,23.0,25.0,-17.0,0
5266,205.0,2022-10-14 13:55:00,5712.0,5712.0,5712.0,5712.0,2.0,16.0,-13.0,0
5269,208.0,2022-10-14 14:04:00,5673.0,5710.0,5673.0,5674.0,2.0,16.0,-12.0,0
5273,212.0,2022-10-14 14:30:00,5662.0,5662.0,5662.0,5662.0,1.0,17.0,550.0,1
5281,220.0,2022-10-18 13:52:00,5591.0,5592.0,5591.0,5592.0,4.0,18.0,27.0,0
5303,242.0,2022-10-20 14:50:00,5615.0,5615.0,5589.0,5589.0,3.0,19.0,16.0,0
5335,274.0,2022-10-25 14:07:00,5838.0,5838.0,5838.0,5838.0,2.0,9.0,13.0,0
5341,280.0,2022-10-26 13:33:00,5875.0,5875.0,5861.0,5861.0,1.0,10.0,0.0,0
5343,282.0,2022-10-26 13:43:00,5861.0,5861.0,5861.0,5861.0,1.0,10.0,21.0,0
5382,321.0,2022-11-04 13:35:00,5616.0,5616.0,5616.0,5616.0,5.0,7.0,260.0,0
5393,332.0,2022-11-17 14:43:00,5991.0,5991.0,5991.0,5991.0,1.0,2.0,-78.0,0
5394,333.0,2022-11-17 14:44:00,5991.0,6070.0,5867.0,6070.0,2.0,2.0,-110.0,0
5395,334.0,2022-11-24 09:29:00,5966.0,5966.0,5966.0,5966.0,1.0,2.0,-56.0,0
5411,350.0,2023-04-19 09:07:00,5459.0,5459.0,5459.0,5459.0,2.0,2.0,0.0,0
5414,353.0,2023-05-08 09:29:00,5790.0,5790.0,5402.0,5402.0,1.0,2.0,98.0,0
5428,1.0,2022-09-20 11:07:00,6043.0,6043.0,6043.0,6043.0,1.0,0.0,-54.0,0
5440,13.0,2022-10-13 14:05:00,5761.0,5761.0,5761.0,5761.0,1.0,10.0,-9.0,0
5447,20.0,2022-10-14 09:29:00,5819.0,5819.0,5757.0,5757.0,4.0,5.0,43.0,0
5452,25.0,2022-10-14 13:51:00,5808.0,5808.0,5808.0,5808.0,1.0,6.0,-108.0,0
5458,31.0,2022-10-18 13:54:00,5980.0,5980.0,5757.0,5757.0,5.0,6.0,-141.0,0
5459,32.0,2022-10-18 13:55:00,5757.0,5757.0,5753.0,5753.0,2.0,6.0,-103.0,0
5495,68.0,2022-11-17 14:43:00,6043.0,6069.0,6043.0,6069.0,1.0,6.0,-156.0,0
5517,0.0,2022-09-20 11:17:00,5989.0,5989.0,5989.0,5989.0,1.0,1.0,347.0,1
5521,4.0,2022-11-23 09:40:00,5685.0,5685.0,5683.0,5683.0,30.0,30.0,167.0,0
5543,26.0,2022-11-28 09:09:00,5931.0,5934.0,5931.0,5934.0,1.0,6.0,-98.0,0
5586,69.0,2023-04-03 13:32:00,5715.0,5766.0,5715.0,5766.0,4.0,4.0,14.0,0
5598,81.0,2023-04-13 14:02:00,5657.0,5657.0,5657.0,5657.0,1.0,3.0,-41.0,0
5599,82.0,2023-04-13 14:23:00,5652.0,5652.0,5652.0,5652.0,1.0,3.0,-157.0,0
5619,102.0,2023-04-28 10:58:00,5578.0,5578.0,5578.0,5578.0,1.0,4.0,-95.0,0
5621,104.0,2023-04-28 11:04:00,5458.0,5484.0,5458.0,5484.0,1.0,2.0,-22.0,0
5635,118.0,2023-05-05 14:24:00,5427.0,5427.0,5398.0,5398.0,1.0,10.0,3.0,0
5641,124.0,2023-05-09 09:10:00,5503.0,5503.0,5503.0,5503.0,1.0,11.0,-52.0,0
5671,154.0,2023-05-22 14:08:00,5678.0,5678.0,5678.0,5678.0,1.0,6.0,-97.0,0
5684,167.0,2023-06-02 13:56:00,5654.0,5663.0,5654.0,5663.0,2.0,6.0,37.0,0
5687,170.0,2023-06-05 09:13:00,5610.0,5610.0,5610.0,5610.0,6.0,10.0,2.0,0
5735,218.0,2023-06-20 11:03:00,5928.0,5928.0,5907.0,5907.0,1.0,8.0,28.0,0
5744,227.0,2023-06-20 14:00:00,5988.0,5988.0,5988.0,5988.0,1.0,19.0,-32.0,0
5761,244.0,2023-06-21 13:47:00,6092.0,6092.0,6092.0,6092.0,1.0,20.0,46.0,0
5774,257.0,2023-06-26 14:33:00,6032.0,6032.0,6002.0,6002.0,4.0,10.0,45.0,0
5786,269.0,2023-06-28 10:31:00,5902.0,5996.0,5902.0,5996.0,4.0,5.0,53.0,0
5793,276.0,2023-07-03 10:37:00,6000.0,6000.0,6000.0,6000.0,1.0,4.0,-20.0,0
5813,296.0,2023-07-10 10:57:00,6042.0,6042.0,6042.0,6042.0,1.0,4.0,-25.0,0
5817,300.0,2023-07-11 09:01:00,6032.0,6032.0,6032.0,6032.0,1.0,3.0,41.0,0
5824,307.0,2023-07-13 09:01:00,6034.0,6084.0,6034.0,6084.0,7.0,6.0,-115.0,0
5825,308.0,2023-07-13 09:02:00,6084.0,6084.0,6084.0,6084.0,6.0,12.0,-115.0,0
5840,323.0,2023-08-03 09:05:00,5903.0,6020.0,5903.0,6020.0,6.0,4.0,-187.0,0
5841,324.0,2023-08-03 09:21:00,5999.0,5999.0,5999.0,5999.0,1.0,4.0,-151.0,0
5866,1.0,2023-02-14 09:08:00,6000.0,6000.0,6000.0,6000.0,2.0,3.0,-1.0,0
5907,42.0,2023-03-10 09:23:00,5971.0,5971.0,5971.0,5971.0,1.0,2.0,-27.0,0
5920,55.0,2023-03-16 14:29:00,5962.0,5962.0,5962.0,5962.0,1.0,6.0,1.0,0
5927,62.0,2023-03-17 10:48:00,5805.0,5805.0,5805.0,5805.0,1.0,11.0,-65.0,0
5959,94.0,2023-03-22 11:00:00,5613.0,5629.0,5613.0,5629.0,5.0,17.0,26.0,0
5966,101.0,2023-03-23 09:32:00,5669.0,5669.0,5669.0,5669.0,1.0,15.0,-20.0,0
5968,103.0,2023-03-23 09:55:00,5670.0,5670.0,5670.0,5670.0,1.0,15.0,-21.0,0
5974,109.0,2023-03-23 14:28:00,5681.0,5681.0,5681.0,5681.0,1.0,14.0,-14.0,0
6032,167.0,2023-04-11 14:07:00,5808.0,5808.0,5771.0,5771.0,5.0,10.0,6.0,0
6045,180.0,2023-04-13 09:25:00,5556.0,5558.0,5555.0,5555.0,14.0,35.0,-27.0,0
6046,181.0,2023-04-13 09:29:00,5555.0,5569.0,5555.0,5569.0,1.0,35.0,-117.0,0
6048,183.0,2023-04-13 09:38:00,5528.0,5528.0,5500.0,5500.0,5.0,43.0,55.0,0
6049,184.0,2023-04-13 09:39:00,5500.0,5500.0,5452.0,5452.0,3.0,45.0,96.0,0
6050,185.0,2023-04-13 09:40:00,5452.0,5452.0,5420.0,5420.0,1.0,45.0,132.0,0
6052,187.0,2023-04-13 09:42:00,5529.0,5529.0,5460.0,5465.0,26.0,50.0,52.0,0
6058,193.0,2023-04-13 09:54:00,5517.0,5517.0,5491.0,5491.0,1.0,52.0,13.0,0
6059,194.0,2023-04-13 09:56:00,5491.0,5548.0,5491.0,5548.0,1.0,53.0,-20.0,0
6072,207.0,2023-04-13 13:52:00,5540.0,5540.0,5540.0,5540.0,4.0,51.0,117.0,0
6073,208.0,2023-04-13 13:55:00,5503.0,5512.0,5503.0,5512.0,2.0,50.0,126.0,0
6075,210.0,2023-04-13 13:58:00,5530.0,5555.0,5530.0,5543.0,18.0,52.0,108.0,0
6077,212.0,2023-04-13 14:00:00,5543.0,5569.0,5543.0,5569.0,2.0,52.0,72.0,0
6078,213.0,2023-04-13 14:01:00,5570.0,5570.0,5569.0,5569.0,2.0,53.0,72.0,0
6079,214.0,2023-04-13 14:02:00,5576.0,5599.0,5576.0,5599.0,6.0,55.0,17.0,0
6083,218.0,2023-04-13 14:08:00,5648.0,5651.0,5648.0,5651.0,6.0,62.0,-118.0,0
6084,219.0,2023-04-13 14:10:00,5651.0,5651.0,5634.0,5641.0,2.0,62.0,-121.0,0
6087,222.0,2023-04-13 14:14:00,5616.0,5616.0,5600.0,5600.0,1.0,60.0,-113.0,0
6088,223.0,2023-04-13 14:17:00,5600.0,5600.0,5563.0,5563.0,5.0,59.0,-77.0,0
6089,224.0,2023-04-13 14:18:00,5563.0,5599.0,5520.0,5533.0,15.0,53.0,-33.0,0
6090,225.0,2023-04-13 14:19:00,5533.0,5533.0,5502.0,5502.0,8.0,53.0,-3.0,0
6091,226.0,2023-04-13 14:20:00,5502.0,5520.0,5502.0,5520.0,6.0,52.0,-48.0,0
6092,227.0,2023-04-13 14:24:00,5520.0,5520.0,5487.0,5487.0,10.0,48.0,-6.0,0
6094,229.0,2023-04-13 14:26:00,5460.0,5466.0,5460.0,5463.0,6.0,40.0,38.0,0
6095,230.0,2023-04-13 14:27:00,5463.0,5486.0,5463.0,5486.0,6.0,36.0,9.0,0
6096,231.0,2023-04-13 14:28:00,5489.0,5502.0,5489.0,5500.0,3.0,34.0,16.0,0
6097,232.0,2023-04-13 14:29:00,5499.0,5499.0,5499.0,5499.0,1.0,34.0,35.0,0
6098,233.0,2023-04-13 14:30:00,5499.0,5499.0,5472.0,5472.0,3.0,34.0,78.0,0
6100,235.0,2023-04-13 14:34:00,5495.0,5495.0,5481.0,5481.0,1.0,29.0,62.0,0
6102,237.0,2023-04-13 14:37:00,5501.0,5501.0,5495.0,5495.0,1.0,24.0,46.0,0
6105,240.0,2023-04-13 14:40:00,5534.0,5550.0,5507.0,5550.0,3.0,21.0,-21.0,0
6111,246.0,2023-04-14 09:01:00,5289.0,5500.0,5289.0,5331.0,27.0,38.0,157.0,0
6116,251.0,2023-04-14 09:11:00,5348.0,5488.0,5348.0,5488.0,13.0,35.0,-81.0,0
6128,263.0,2023-04-14 10:38:00,5422.0,5442.0,5422.0,5442.0,1.0,36.0,-57.0,0
6136,271.0,2023-04-14 11:17:00,5473.0,5473.0,5473.0,5473.0,4.0,39.0,-2.0,0
6162,297.0,2023-04-19 09:07:00,5439.0,5439.0,5439.0,5439.0,1.0,40.0,20.0,0
6170,305.0,2023-04-20 09:05:00,5428.0,5428.0,5428.0,5428.0,1.0,37.0,145.0,0
6182,317.0,2023-04-24 13:31:00,5366.0,5366.0,5366.0,5366.0,2.0,32.0,117.0,0
6199,334.0,2023-04-25 09:37:00,5428.0,5428.0,5428.0,5428.0,1.0,21.0,59.0,0
6206,341.0,2023-04-25 13:39:00,5484.0,5484.0,5436.0,5436.0,1.0,17.0,68.0,0
6226,361.0,2023-04-28 10:51:00,5452.0,5469.0,5452.0,5469.0,2.0,17.0,-14.0,0
6227,362.0,2023-04-28 10:54:00,5469.0,5469.0,5454.0,5454.0,1.0,17.0,30.0,0
6228,363.0,2023-04-28 10:58:00,5468.0,5468.0,5468.0,5468.0,1.0,17.0,15.0,0
6268,403.0,2023-05-09 11:02:00,5511.0,5511.0,5511.0,5511.0,1.0,16.0,-25.0,0
6278,413.0,2023-05-09 14:05:00,5522.0,5522.0,5522.0,5522.0,1.0,18.0,-1.0,0
6279,414.0,2023-05-09 14:15:00,5522.0,5522.0,5521.0,5521.0,1.0,19.0,-1.0,0
6283,418.0,2023-05-10 09:16:00,5502.0,5502.0,5502.0,5502.0,1.0,18.0,22.0,0
6298,433.0,2023-05-12 13:54:00,5510.0,5510.0,5510.0,5510.0,2.0,11.0,-16.0,0
6327,462.0,2023-05-19 14:35:00,5619.0,5619.0,5619.0,5619.0,3.0,14.0,-53.0,0
6330,465.0,2023-05-22 13:33:00,5629.0,5629.0,5629.0,5629.0,1.0,14.0,-47.0,0
6338,473.0,2023-05-23 09:42:00,5579.0,5579.0,5431.0,5431.0,4.0,14.0,146.0,0
6377,512.0,2023-06-02 09:32:00,5706.0,5706.0,5648.0,5648.0,1.0,9.0,32.0,0
6399,534.0,2023-06-16 10:45:00,5780.0,5898.0,5780.0,5898.0,1.0,11.0,-39.0,0
6410,545.0,2023-06-19 11:18:00,5910.0,5910.0,5910.0,5910.0,1.0,11.0,-10.0,0
6415,550.0,2023-06-19 13:44:00,5910.0,5920.0,5910.0,5920.0,1.0,14.0,-20.0,0
6419,554.0,2023-06-20 11:10:00,5891.0,5936.0,5891.0,5936.0,2.0,14.0,-11.0,0
6438,573.0,2023-06-28 10:32:00,6058.0,6058.0,6058.0,6058.0,1.0,12.0,-59.0,0
6441,576.0,2023-06-28 10:42:00,5999.0,5999.0,5999.0,5999.0,1.0,10.0,-91.0,0
6442,577.0,2023-06-28 10:46:00,6041.0,6041.0,6041.0,6041.0,1.0,10.0,35.0,0
6445,580.0,2023-06-28 14:34:00,5982.0,5982.0,5982.0,5982.0,1.0,15.0,-18.0,0
6466,601.0,2023-07-03 09:22:00,6049.0,6049.0,6049.0,6049.0,1.0,15.0,-29.0,0
6468,603.0,2023-07-03 09:25:00,5990.0,5990.0,5990.0,5990.0,1.0,14.0,5.0,0
6471,606.0,2023-07-03 09:35:00,5995.0,5995.0,5995.0,5995.0,1.0,13.0,-10.0,0
6472,607.0,2023-07-03 09:45:00,5995.0,5995.0,5985.0,5985.0,2.0,13.0,12.0,0
6482,617.0,2023-07-03 10:44:00,5983.0,5983.0,5983.0,5983.0,1.0,18.0,-41.0,0
6483,618.0,2023-07-03 10:45:00,5983.0,5993.0,5942.0,5953.0,5.0,21.0,-11.0,0
6492,627.0,2023-07-03 13:40:00,5974.0,5974.0,5963.0,5963.0,1.0,17.0,-3.0,0
6494,629.0,2023-07-03 13:49:00,5964.0,5988.0,5964.0,5987.0,4.0,16.0,7.0,0
6509,644.0,2023-07-04 09:23:00,5990.0,5990.0,5982.0,5982.0,1.0,19.0,17.0,0
6529,664.0,2023-07-06 09:19:00,5970.0,5970.0,5970.0,5970.0,1.0,27.0,11.0,0
6533,668.0,2023-07-06 09:42:00,5981.0,5991.0,5981.0,5991.0,1.0,26.0,12.0,0
6546,681.0,2023-07-07 09:44:00,5940.0,5940.0,5940.0,5940.0,2.0,24.0,68.0,0
6552,687.0,2023-07-07 13:32:00,5999.0,5999.0,5951.0,5951.0,1.0,24.0,78.0,0
6554,689.0,2023-07-07 13:39:00,5985.0,6019.0,5985.0,5995.0,2.0,24.0,-9.0,0
6560,695.0,2023-07-07 14:50:00,6029.0,6029.0,6029.0,6029.0,3.0,25.0,-35.0,0
6569,704.0,2023-07-10 09:35:00,6017.0,6029.0,6017.0,6029.0,1.0,20.0,-12.0,0
6571,706.0,2023-07-10 10:33:00,6017.0,6017.0,6017.0,6017.0,1.0,21.0,-2.0,0
6572,707.0,2023-07-10 10:43:00,6015.0,6015.0,6015.0,6015.0,1.0,21.0,2.0,0
6589,724.0,2023-07-11 09:19:00,6030.0,6030.0,6030.0,6030.0,1.0,17.0,22.0,0
6592,727.0,2023-07-11 09:38:00,6031.0,6031.0,6023.0,6023.0,1.0,17.0,18.0,0
6596,731.0,2023-07-11 10:36:00,6045.0,6045.0,6008.0,6008.0,1.0,17.0,12.0,0
6620,755.0,2023-07-12 13:57:00,6001.0,6001.0,6001.0,6001.0,1.0,25.0,0.0,0
6621,756.0,2023-07-12 14:07:00,6001.0,6001.0,6001.0,6001.0,1.0,25.0,0.0,0
6623,758.0,2023-07-12 14:28:00,6000.0,6000.0,6000.0,6000.0,2.0,25.0,-20.0,0
6645,780.0,2023-07-17 11:08:00,5976.0,5976.0,5967.0,5967.0,1.0,23.0,5.0,0
6652,787.0,2023-07-18 13:39:00,5987.0,5987.0,5987.0,5987.0,1.0,20.0,56.0,0
6700,835.0,2023-07-24 13:54:00,5941.0,5941.0,5941.0,5941.0,4.0,22.0,-3.0,0
6739,874.0,2023-07-28 13:39:00,5889.0,5905.0,5889.0,5905.0,7.0,27.0,-43.0,0
6743,878.0,2023-07-28 14:22:00,5858.0,5858.0,5856.0,5856.0,1.0,33.0,-33.0,0
6744,879.0,2023-07-28 14:26:00,5856.0,5875.0,5817.0,5817.0,3.0,33.0,49.0,0
6745,880.0,2023-07-28 14:32:00,5823.0,5823.0,5823.0,5823.0,1.0,32.0,12.0,0
6748,883.0,2023-07-28 14:38:00,5866.0,5866.0,5863.0,5863.0,1.0,24.0,-6.0,0
6787,922.0,2023-08-03 09:05:00,5840.0,5885.0,5840.0,5885.0,2.0,28.0,-52.0,0
6789,924.0,2023-08-03 09:15:00,5833.0,5833.0,5833.0,5833.0,1.0,28.0,11.0,0
6805,940.0,2023-08-03 14:45:00,5830.0,5830.0,5830.0,5830.0,1.0,42.0,6.0,0
6813,948.0,2023-08-04 09:09:00,5912.0,5912.0,5879.0,5880.0,2.0,33.0,-4.0,0
6832,967.0,2023-08-08 09:33:00,5899.0,5899.0,5899.0,5899.0,1.0,33.0,1.0,0
6848,983.0,2023-08-09 11:13:00,5864.0,5873.0,5864.0,5873.0,1.0,35.0,111.0,0
6854,989.0,2023-08-09 13:36:00,5889.0,5889.0,5861.0,5861.0,2.0,36.0,155.0,0
6863,998.0,2023-08-10 09:40:00,5856.0,5856.0,5855.0,5855.0,1.0,32.0,-7.0,0
6864,999.0,2023-08-10 09:50:00,5855.0,5855.0,5848.0,5848.0,1.0,32.0,-14.0,0
